dest_ip,dest_port,dest_country,metadata_file
41.223.234.116,37259,Burkina Faso,socks4.txt
72.49.49.11,31034,United States,socks4.txt
69.61.200.104,36181,United States,socks4.txt
66.42.224.229,41679,United States,socks4.txt
72.195.114.184,4145,United States,socks4.txt
24.249.199.4,4145,United States,socks4.txt
174.77.111.196,4145,United States,socks4.txt
174.77.111.197,4145,United States,socks4.txt
98.170.57.231,4145,United States,socks4.txt
45.73.0.118,5678,Canada,socks4.txt
184.181.217.210,4145,United States,socks4.txt
184.178.172.14,4145,United States,socks4.txt
98.188.47.132,4145,United States,socks4.txt
72.195.34.42,4145,United States,socks4.txt
184.178.172.11,4145,United States,socks4.txt
184.178.172.17,4145,United States,socks4.txt
184.181.217.213,4145,United States,socks4.txt
184.181.217.201,4145,United States,socks4.txt
184.181.217.194,4145,United States,socks4.txt
192.111.138.29,4145,Canada,socks4.txt
98.170.57.249,4145,United States,socks4.txt
184.178.172.28,15294,United States,socks4.txt
72.195.34.41,4145,United States,socks4.txt
184.178.172.23,4145,United States,socks4.txt
184.178.172.26,4145,United States,socks4.txt
184.185.2.12,4145,United States,socks4.txt
98.181.137.83,4145,United States,socks4.txt
68.1.210.163,4145,United States,socks4.txt
98.181.137.80,4145,United States,socks4.txt
74.119.144.60,4145,United States,socks4.txt
184.170.249.65,4145,United States,socks4.txt
68.1.210.189,4145,United States,socks4.txt
46.214.153.223,5678,Romania,socks4.txt
187.210.136.88,4153,Mexico,socks4.txt
175.144.198.226,31694,Malaysia,socks4.txt
189.203.181.34,1080,Mexico,socks4.txt
178.220.148.82,10801,Serbia,socks4.txt
34.124.190.108,8080,The Netherlands,socks4.txt
170.78.211.161,1080,Mexico,socks4.txt
98.191.0.37,4145,United States,socks4.txt
154.73.45.58,60606,Somalia,socks4.txt
98.170.57.241,4145,United States,socks4.txt
163.172.185.252,16379,The Netherlands,socks4.txt
163.172.140.107,16379,The Netherlands,socks4.txt
208.65.90.21,4145,United States,socks4.txt
202.70.80.153,5678,Nepal,socks4.txt
36.89.85.249,5678,Indonesia,socks4.txt
208.65.90.3,4145,United States,socks4.txt
192.252.209.158,4145,United States,socks4.txt
212.47.250.252,16379,United States,socks4.txt
118.97.107.65,5430,Indonesia,socks4.txt
110.74.195.152,1080,Cambodia,socks4.txt
212.47.232.161,16379,Germany,socks4.txt
89.134.125.5,4153,Hungary,socks4.txt
72.205.0.93,4145,United States,socks4.txt
72.205.0.67,4145,United States,socks4.txt
212.47.253.40,16379,Ukraine,socks4.txt
68.71.252.38,4145,United States,socks4.txt
68.71.245.206,4145,United States,socks4.txt
68.71.242.118,4145,United States,socks4.txt
199.102.106.94,4145,United States,socks4.txt
142.54.231.38,4145,United States,socks4.txt
68.71.240.210,4145,United States,socks4.txt
199.187.210.54,4145,United States,socks4.txt
107.181.161.81,4145,United States,socks4.txt
142.54.229.249,4145,United States,socks4.txt
67.201.39.14,4145,United States,socks4.txt
163.172.132.115,16379,The Netherlands,socks4.txt
51.158.70.223,16379,Luxembourg,socks4.txt
51.158.70.181,16379,United States,socks4.txt
159.148.146.65,5678,Latvia,socks4.txt
192.95.33.162,51374,Canada,socks4.txt
192.95.33.162,15735,Canada,socks4.txt
46.188.2.42,5678,Russia,socks4.txt
45.79.203.254,48388,United States,socks4.txt
192.95.33.162,38793,Canada,socks4.txt
138.68.21.132,40467,United States,socks4.txt
212.47.243.66,16379,United States,socks4.txt
51.158.117.213,16379,United States,socks4.txt
216.68.128.121,4145,United States,socks4.txt
163.172.167.106,16379,Sweden,socks4.txt
159.192.139.42,5678,Thailand,socks4.txt
91.199.139.246,1111,Ukraine,socks4.txt
213.149.154.213,5678,Bulgaria,socks4.txt
109.197.152.1,1080,Russia,socks4.txt
190.104.8.142,14888,Bolivia,socks4.txt
190.5.234.34,5678,Panama,socks4.txt
72.211.46.124,4145,United States,socks4.txt
92.114.157.221,4145,Moldova,socks4.txt
72.211.46.99,4145,United States,socks4.txt
212.47.248.107,16379,The Netherlands,socks4.txt
187.94.84.130,4153,Brazil,socks4.txt
202.162.197.57,4145,Indonesia,socks4.txt
82.114.68.42,5678,Kosovo,socks4.txt
72.207.109.5,4145,United States,socks4.txt
192.95.33.162,31572,Canada,socks4.txt
192.95.33.162,2887,Canada,socks4.txt
31.40.144.129,8888,Russia,socks4.txt
159.65.128.194,1080,Singapore,socks4.txt
192.252.214.17,4145,United States,socks4.txt
184.181.178.33,4145,United States,socks4.txt
98.190.239.3,4145,United States,socks4.txt
134.249.128.111,1080,Ukraine,socks4.txt
203.84.141.246,4145,Indonesia,socks4.txt
161.35.82.57,1080,The Netherlands,socks4.txt
200.170.196.94,1080,Brazil,socks4.txt
192.95.33.162,29006,Canada,socks4.txt
192.95.33.162,64840,Canada,socks4.txt
177.37.37.241,1085,Argentina,socks4.txt
198.177.252.24,4145,United States,socks4.txt
198.177.254.131,4145,United States,socks4.txt
198.177.254.157,4145,United States,socks4.txt
198.177.253.13,4145,United States,socks4.txt
202.40.182.158,1080,Bangladesh,socks4.txt
27.72.73.143,4153,Vietnam,socks4.txt
138.68.21.132,45793,United States,socks4.txt
103.253.153.242,41762,India,socks4.txt
103.106.195.150,1080,India,socks4.txt
179.177.176.97,4153,Brazil,socks4.txt
122.116.29.68,4145,Taiwan,socks4.txt
146.190.16.167,3129,The Netherlands,socks4.txt
85.116.120.106,3629,Russia,socks4.txt
43.133.37.149,1080,Singapore,socks4.txt
208.102.51.6,58208,United States,socks5.txt
24.249.199.12,4145,United States,socks5.txt
174.64.199.82,4145,United States,socks5.txt
174.64.199.79,4145,United States,socks5.txt
72.195.34.58,4145,United States,socks5.txt
98.175.31.195,4145,United States,socks5.txt
72.195.114.169,4145,United States,socks5.txt
98.188.47.150,4145,United States,socks5.txt
72.195.34.59,4145,United States,socks5.txt
184.181.217.206,4145,United States,socks5.txt
184.178.172.3,4145,United States,socks5.txt
184.181.217.220,4145,United States,socks5.txt
192.111.137.37,18762,Canada,socks5.txt
192.252.208.67,14287,United States,socks5.txt
192.111.137.34,18765,Canada,socks5.txt
192.252.208.70,14282,United States,socks5.txt
192.111.129.145,16894,Canada,socks5.txt
72.195.34.35,27360,United States,socks5.txt
174.77.111.198,49547,United States,socks5.txt
98.178.72.21,10919,United States,socks5.txt
72.195.34.60,27391,United States,socks5.txt
184.178.172.25,15291,United States,socks5.txt
184.178.172.18,15280,United States,socks5.txt
70.166.167.55,57745,United States,socks5.txt
184.178.172.5,15303,United States,socks5.txt
70.166.167.38,57728,United States,socks5.txt
184.178.172.13,15311,United States,socks5.txt
192.252.215.5,16137,United States,socks5.txt
174.75.211.222,4145,United States,socks5.txt
72.195.101.99,4145,United States,socks5.txt
119.148.39.241,9990,Bangladesh,socks5.txt
72.214.108.67,4145,United States,socks5.txt
104.236.114.255,25466,United States,socks5.txt
174.75.211.193,4145,United States,socks5.txt
51.15.205.29,16379,United States,socks5.txt
51.15.139.14,16379,Germany,socks5.txt
98.152.200.61,8081,United States,socks5.txt
51.158.70.246,16379,Sweden,socks5.txt
212.47.249.56,16379,Germany,socks5.txt
51.158.65.148,16379,United States,socks5.txt
143.110.217.153,1080,Canada,socks5.txt
143.110.190.60,1080,India,socks5.txt
206.189.57.182,1080,Germany,socks5.txt
139.59.24.173,1080,India,socks5.txt
93.182.26.66,1080,Russia,socks5.txt
183.80.54.224,1080,Vietnam,socks5.txt
64.227.131.240,1080,India,socks5.txt
8.220.194.115,1080,South Korea,socks5.txt
67.210.146.50,11080,United States,socks5.txt
8.210.89.96,1080,Hong Kong,socks5.txt
195.91.129.101,1337,Russia,socks5.txt
161.49.116.131,1338,Philippines,socks5.txt
161.35.31.237,1080,Germany,socks5.txt
103.138.123.242,8082,Bangladesh,socks5.txt
134.199.159.23,1080,United States,socks5.txt
145.239.5.238,53001,United Kingdom,socks5.txt
57.129.81.201,1080,France,socks5.txt
207.154.230.54,14273,Germany,socks5.txt
37.18.73.60,5566,Sweden,socks5.txt
205.209.113.242,1080,United States,socks5.txt
185.93.89.151,22641,Vietnam,socks5.txt
202.142.178.206,1080,Pakistan,socks5.txt
14.225.194.159,1080,Vietnam,socks5.txt
223.25.109.126,8199,Indonesia,socks5.txt
185.93.89.144,36341,United States,socks5.txt
51.250.108.153,1080,Russia,socks5.txt
103.148.112.242,8199,Indonesia,socks5.txt
103.148.112.70,8199,Indonesia,socks5.txt
103.148.112.69,8199,Indonesia,socks5.txt
192.241.156.17,1080,United States,socks5.txt
121.169.46.116,1090,South Korea,socks5.txt
222.59.173.105,44012,China,socks5.txt
95.211.19.96,8001,The Netherlands,socks5.txt
45.146.130.16,19063,United States,socks5.txt
104.248.197.67,1080,The Netherlands,socks5.txt
103.148.112.247,8199,Indonesia,socks5.txt
104.248.203.234,1080,The Netherlands,socks5.txt
185.93.89.162,5889,France,socks5.txt
45.146.130.16,8411,United Kingdom,socks5.txt
45.146.130.16,8246,United Kingdom,socks5.txt
45.146.130.19,5968,France,socks5.txt
45.146.130.15,7428,France,socks5.txt
146.70.164.210,1080,Romania,socks5.txt
185.93.89.146,10699,United Kingdom,socks5.txt
171.234.115.247,5632,Vietnam,socks5.txt
45.146.130.16,4439,Vietnam,socks5.txt
45.146.130.19,4814,United States,socks5.txt
185.93.89.175,9468,France,socks5.txt
45.146.130.19,4181,France,socks5.txt
45.146.130.15,5201,United States,socks5.txt
45.146.130.19,5343,United States,socks5.txt
45.146.130.18,4779,Thailand,socks5.txt
45.146.130.15,4884,United States,socks5.txt
45.146.130.16,12642,United Kingdom,socks5.txt
45.146.130.16,39074,Cambodia,socks5.txt
45.146.130.16,31954,Singapore,socks5.txt
45.146.130.29,8232,France,socks5.txt
185.93.89.162,11202,Germany,socks5.txt
45.146.130.19,4059,France,socks5.txt
45.146.130.16,4047,United States,socks5.txt
45.146.130.19,4714,Singapore,socks5.txt
45.146.130.19,4373,United States,socks5.txt
45.146.130.16,15409,Italy,socks5.txt
45.146.130.19,4626,United States,socks5.txt
45.146.130.16,5335,United States,socks5.txt
45.146.130.16,4502,Indonesia,socks5.txt
45.146.130.16,5286,Vietnam,socks5.txt
45.146.130.16,4515,United States,socks5.txt
45.146.130.19,4017,United States,socks5.txt
185.93.89.144,4325,Germany,socks5.txt
45.146.130.16,4051,Vietnam,socks5.txt
45.146.130.16,4419,The Netherlands,socks5.txt
45.146.130.16,4173,Singapore,socks5.txt
45.146.130.16,4020,France,socks5.txt
45.146.130.19,4227,United States,socks5.txt
45.146.130.16,10663,Singapore,socks5.txt
45.146.130.19,4484,Germany,socks5.txt
45.146.130.19,5266,United States,socks5.txt
45.146.130.16,4067,United States,socks5.txt
45.146.130.16,4847,Finland,socks5.txt
45.146.130.19,4156,United States,socks5.txt
45.146.130.16,4137,India,socks5.txt
45.146.130.19,5336,United States,socks5.txt
45.146.130.16,4048,United States,socks5.txt
45.146.130.16,4359,France,socks5.txt
45.146.130.16,4156,France,socks5.txt
45.146.130.16,4161,United States,socks5.txt
45.146.130.16,4675,India,socks5.txt
45.146.130.49,17264,South Africa,socks5.txt
45.146.130.16,4286,Israel,socks5.txt
45.146.130.16,4197,Malaysia,socks5.txt
45.146.130.16,4480,Italy,socks5.txt
45.146.130.16,4707,France,socks5.txt
45.146.130.16,4630,Germany,socks5.txt
45.146.130.19,6486,United States,socks5.txt
45.146.130.18,6048,Bangladesh,socks5.txt
45.146.130.16,4560,United States,socks5.txt
45.146.130.16,4658,Germany,socks5.txt
45.146.130.16,8804,Vietnam,socks5.txt
45.146.130.16,15516,Singapore,socks5.txt
45.146.130.16,5280,United States,socks5.txt
45.146.130.16,5999,Singapore,socks5.txt
45.146.130.16,4677,Germany,socks5.txt
45.146.130.36,33333,United States,socks5.txt
45.146.130.16,4996,Australia,socks5.txt
45.146.130.18,15597,Germany,socks5.txt
45.146.130.16,4854,Germany,socks5.txt
45.146.130.16,4105,United States,socks5.txt
45.146.130.16,4747,Singapore,socks5.txt
45.146.130.16,4963,Vietnam,socks5.txt
45.146.130.15,4091,Cambodia,socks5.txt
45.146.130.16,5008,Germany,socks5.txt
45.146.130.16,39826,United States,socks5.txt
45.146.130.36,34231,India,socks5.txt
45.146.130.19,4244,Germany,socks5.txt
45.146.130.16,5852,Singapore,socks5.txt
45.146.130.15,42960,The Netherlands,socks5.txt
45.146.130.15,4695,Vietnam,socks5.txt
45.146.130.16,5512,France,socks5.txt
45.146.130.19,4605,Germany,socks5.txt
45.146.130.18,4424,United States,socks5.txt
45.146.130.18,4793,United States,socks5.txt
45.146.130.16,4983,United Kingdom,socks5.txt
45.146.130.16,5101,Vietnam,socks5.txt
45.146.130.16,4024,Finland,socks5.txt
45.146.130.19,5026,United States,socks5.txt
45.146.130.19,4128,United States,socks5.txt
185.93.89.145,4029,India,socks5.txt
45.146.130.19,4361,Canada,socks5.txt
45.146.130.16,4608,Germany,socks5.txt
45.146.130.19,4091,United States,socks5.txt
185.93.89.181,11243,Russia,socks5.txt
45.146.130.16,4529,Hungary,socks5.txt
45.146.130.19,4031,South Africa,socks5.txt
45.146.130.19,4002,United Kingdom,socks5.txt
45.146.130.19,4154,United States,socks5.txt
45.146.130.15,4027,United States,socks5.txt
45.146.130.16,9690,United States,socks5.txt
45.146.130.18,4644,United States,socks5.txt
185.93.89.147,4052,United States,socks5.txt
45.146.130.19,15597,The Netherlands,socks5.txt
45.146.130.15,5533,Singapore,socks5.txt
45.146.130.19,4118,Cambodia,socks5.txt
45.146.130.19,4439,Singapore,socks5.txt
96.126.96.163,9090,United States,socks5.txt
45.146.130.15,5329,India,socks5.txt
209.38.83.56,1088,United States,socks5.txt
185.93.89.145,4119,Germany,socks5.txt
45.146.130.18,4009,United Kingdom,socks5.txt
45.146.130.19,45332,India,socks5.txt
45.146.130.19,4197,Austria,socks5.txt
45.146.130.18,15281,Germany,socks5.txt
45.146.130.18,4002,Poland,socks5.txt
45.146.130.19,4362,United States,socks5.txt
185.93.89.152,27205,Russia,socks5.txt
45.146.130.18,13566,India,socks5.txt
45.146.130.18,4953,United States,socks5.txt
185.93.89.163,36743,United States,socks5.txt
45.146.130.43,18205,Taiwan,socks5.txt
45.146.130.16,4049,Singapore,socks5.txt
158.101.157.64,8902,Japan,socks5.txt
45.146.130.47,7182,United Kingdom,socks5.txt
45.146.130.19,4192,Vietnam,socks5.txt
45.146.130.43,31698,United States,socks5.txt
45.146.130.47,6031,Finland,socks5.txt
45.146.130.19,4063,United States,socks5.txt
185.93.89.147,4006,Canada,socks5.txt
185.93.89.152,34147,Singapore,socks5.txt
45.146.130.17,26373,Germany,socks5.txt
45.146.130.15,4464,United States,socks5.txt
89.169.53.99,1080,Germany,socks5.txt
8.222.17.214,9080,Philippines,socks5.txt
45.146.130.43,8694,Denmark,socks5.txt
45.87.251.160,8004,Seychelles,socks5.txt
45.87.251.161,8004,Seychelles,socks5.txt
45.87.251.162,8004,Seychelles,socks5.txt
134.195.91.76,30368,Tunisia,socks5.txt
185.93.89.146,5598,India,socks5.txt
162.214.3.183,3128,United States,connect.txt
203.174.15.138,8080,Indonesia,connect.txt
88.198.212.91,3128,Germany,connect.txt
27.147.129.26,58080,Bangladesh,connect.txt
128.199.254.13,9090,Singapore,connect.txt
38.9.141.63,8080,Indonesia,connect.txt
182.253.7.146,8180,Indonesia,connect.txt
203.174.15.83,8080,Indonesia,connect.txt
103.76.151.90,8090,Indonesia,connect.txt
128.199.253.195,9090,Singapore,connect.txt
138.0.207.3,8085,Brazil,connect.txt
119.252.173.26,8080,Indonesia,connect.txt
113.160.132.195,8080,Vietnam,connect.txt
94.68.245.147,8080,Greece,connect.txt
201.71.137.90,5128,Brazil,connect.txt
103.153.191.9,8085,Indonesia,connect.txt
103.99.136.38,8080,Indonesia,connect.txt
209.14.98.5,8080,Colombia,connect.txt
200.37.252.122,8080,Peru,connect.txt
157.66.16.52,8080,Indonesia,connect.txt
117.103.71.77,8715,Indonesia,connect.txt
191.97.68.42,8080,Argentina,connect.txt
103.38.54.64,83,Bangladesh,connect.txt
103.160.136.50,8080,Indonesia,connect.txt
146.190.80.158,9090,Singapore,connect.txt
152.42.170.187,9090,Singapore,connect.txt
103.169.132.38,8080,Indonesia,connect.txt
128.199.120.45,9090,Singapore,connect.txt
103.24.213.141,8090,Indonesia,connect.txt
122.52.185.72,8080,Philippines,connect.txt
60.174.167.40,4999,China,connect.txt
41.220.136.199,8040,Tanzania,connect.txt
89.43.31.134,3128,T�rkiye,connect.txt
85.117.56.41,8080,Georgia,connect.txt
177.10.184.61,999,Honduras,connect.txt
45.180.62.238,8080,Argentina,connect.txt
77.238.103.98,8080,Russia,connect.txt
202.43.122.156,1111,India,connect.txt
103.19.79.234,999,Indonesia,connect.txt
181.78.198.7,8080,Ecuador,connect.txt
103.189.254.28,2222,Indonesia,connect.txt
124.107.15.43,8082,Philippines,connect.txt
187.188.172.17,8080,Mexico,connect.txt
27.147.217.102,6969,Bangladesh,connect.txt
103.153.35.177,1111,Indonesia,connect.txt
168.228.140.192,999,Argentina,connect.txt
40.76.69.94,8080,United States,connect.txt
202.93.244.66,1111,Indonesia,connect.txt
190.123.83.137,999,Argentina,connect.txt
164.163.74.97,999,Honduras,connect.txt
191.101.190.175,3127,Indonesia,connect.txt
103.147.246.5,8181,Indonesia,connect.txt
41.90.118.9,8080,Kenya,connect.txt
103.9.134.212,100,Bangladesh,connect.txt
182.16.171.101,8080,Indonesia,connect.txt
83.49.104.47,3128,Spain,connect.txt
80.110.46.203,13001,Austria,connect.txt
186.96.111.214,999,Colombia,connect.txt
119.93.33.130,8082,Philippines,connect.txt
163.61.76.35,8082,,connect.txt
163.61.55.137,1111,,connect.txt
103.164.192.92,8080,Indonesia,connect.txt
190.145.194.210,8080,Colombia,connect.txt
102.36.133.62,8080,Nigeria,connect.txt
222.127.248.78,8082,Philippines,connect.txt
188.132.222.10,8080,T�rkiye,connect.txt
102.0.12.126,8082,Kenya,connect.txt
103.151.236.69,8082,Pakistan,connect.txt
102.23.237.25,8080,South Africa,connect.txt
103.81.194.162,8080,Indonesia,connect.txt
45.168.236.54,3128,Mexico,connect.txt
181.209.81.82,999,Argentina,connect.txt
160.25.8.2,8080,Bangladesh,connect.txt
116.212.137.74,8080,Cambodia,connect.txt
202.58.77.194,8031,Indonesia,connect.txt
103.172.121.52,8083,Indonesia,connect.txt
103.155.198.253,8006,Indonesia,connect.txt
103.163.103.64,8080,Indonesia,connect.txt
103.77.26.169,8080,India,connect.txt
103.188.169.160,7777,Indonesia,connect.txt
91.186.97.212,3128,Russia,connect.txt
177.200.238.51,999,Dominican Republic,connect.txt
213.169.33.7,4000,Bulgaria,connect.txt
79.106.108.156,8079,Albania,connect.txt
103.178.87.50,8080,Indonesia,connect.txt
177.200.239.141,999,Dominican Republic,connect.txt
120.28.216.166,8082,Philippines,connect.txt
103.114.96.246,8080,Bangladesh,connect.txt
41.57.4.252,8080,South Africa,connect.txt
82.103.94.190,8080,Bulgaria,connect.txt
102.182.143.186,8080,South Africa,connect.txt
193.43.145.250,8080,Syria,connect.txt
45.71.200.174,999,Ecuador,connect.txt
45.5.118.249,999,Guatemala,connect.txt
103.188.173.153,8080,Indonesia,connect.txt
103.156.217.101,1111,Indonesia,connect.txt
36.67.226.165,8080,Indonesia,connect.txt
185.136.185.120,8080,Russia,connect.txt
27.147.222.248,8080,Bangladesh,connect.txt
210.79.141.226,8080,Indonesia,connect.txt
160.19.18.99,8080,Indonesia,connect.txt
186.96.73.181,999,Venezuela,connect.txt
202.58.77.230,8083,Indonesia,connect.txt
181.205.161.189,999,Colombia,connect.txt
147.75.34.74,9400,The Netherlands,connect.txt
147.75.49.154,9401,United States,connect.txt
147.75.88.115,9401,United States,connect.txt
103.195.65.178,8080,Indonesia,connect.txt
147.75.49.154,9443,United States,connect.txt
49.147.78.186,8082,Philippines,connect.txt
123.143.162.221,6388,South Korea,connect.txt
3.109.62.30,23699,Poland,connect.txt
103.155.190.250,8080,Indonesia,connect.txt
103.131.18.42,7777,Indonesia,connect.txt
43.198.151.41,53900,The Netherlands,connect.txt
3.126.92.60,13986,Germany,connect.txt
103.242.104.213,8181,Indonesia,connect.txt
43.198.210.161,10635,Sweden,connect.txt
103.191.196.98,8881,Indonesia,connect.txt
103.184.123.41,8888,Indonesia,connect.txt
18.61.43.209,3128,India,connect.txt
103.156.248.192,8080,Indonesia,connect.txt
163.227.154.246,8080,Japan,connect.txt
18.101.7.10,47618,The Netherlands,connect.txt
16.26.88.4,28794,Luxembourg,connect.txt
18.203.249.67,5472,United States,connect.txt
46.16.229.254,8079,Russia,connect.txt
18.101.7.10,9906,Germany,connect.txt
103.163.80.170,1080,Indonesia,connect.txt
147.75.34.74,10074,The Netherlands,connect.txt
147.75.34.74,3128,The Netherlands,connect.txt
147.75.34.74,10008,The Netherlands,connect.txt
13.245.196.193,9999,United States,connect.txt
16.26.41.102,1926,The Netherlands,connect.txt
16.26.41.102,59953,Hungary,connect.txt
85.206.93.105,8080,United Kingdom,connect.txt
103.152.238.179,1080,Indonesia,connect.txt
13.245.196.193,18563,United States,connect.txt
18.61.87.35,8001,The Netherlands,connect.txt
16.24.74.162,57775,The Netherlands,connect.txt
43.198.151.41,57775,Germany,connect.txt
18.61.87.35,32100,The Netherlands,connect.txt
147.75.49.154,9400,United States,connect.txt
202.154.18.160,8084,Indonesia,connect.txt
103.210.22.17,3128,Singapore,connect.txt
171.232.41.46,8080,Vietnam,connect.txt
103.156.249.72,8080,Indonesia,connect.txt
147.75.34.74,10092,The Netherlands,connect.txt
16.24.206.94,18654,Germany,connect.txt
147.75.34.74,10010,The Netherlands,connect.txt
103.216.104.6,1080,Indonesia,connect.txt
13.232.213.216,8088,Sweden,connect.txt
202.58.77.7,7777,Indonesia,connect.txt
18.162.96.33,29286,Sweden,connect.txt
147.75.34.74,10007,The Netherlands,connect.txt
49.144.30.7,8082,Philippines,connect.txt
36.93.105.114,8085,Indonesia,connect.txt
18.162.96.33,3831,The Netherlands,connect.txt
40.172.232.213,51064,United States,connect.txt
16.24.74.162,999,United States,connect.txt
40.172.232.213,2262,Sweden,connect.txt
3.126.92.60,8048,The Netherlands,connect.txt
16.24.74.162,9992,The Netherlands,connect.txt
13.232.213.216,26963,The Netherlands,connect.txt
16.26.88.4,1081,United States,connect.txt
190.109.1.34,999,Colombia,connect.txt
24.52.33.75,8080,United States,connect.txt
38.194.233.172,1010,Mexico,connect.txt
157.20.219.189,8080,Indonesia,connect.txt
103.162.37.22,8080,Indonesia,connect.txt
157.20.219.184,8080,Indonesia,connect.txt
114.130.153.46,58080,Bangladesh,connect.txt
179.1.128.57,999,Colombia,connect.txt
202.43.117.26,8080,Indonesia,connect.txt
200.39.138.30,8080,Chile,connect.txt
152.166.69.34,8080,Dominican Republic,connect.txt
36.93.214.253,8080,Indonesia,connect.txt
103.27.22.65,32650,Pakistan,connect.txt
77.51.222.239,8080,Russia,connect.txt
202.47.189.132,8080,Indonesia,connect.txt
197.248.145.65,8083,Kenya,connect.txt
192.81.129.252,3135,United States,connect.txt
157.175.52.134,15294,The Netherlands,connect.txt
185.200.37.115,8080,T�rkiye,connect.txt
13.60.210.222,11211,United States,connect.txt
18.162.96.33,3127,The Netherlands,connect.txt
168.196.115.18,58000,Argentina,connect.txt
167.86.93.118,8074,Germany,connect.txt
13.212.216.15,32,United States,connect.txt
103.178.86.94,8080,Indonesia,connect.txt
103.119.152.146,8989,Thailand,connect.txt
43.217.143.203,29632,Germany,connect.txt
13.60.210.222,2020,Sweden,connect.txt
16.26.41.189,40436,The Netherlands,connect.txt
18.100.254.225,10801,Canada,connect.txt
16.24.143.111,53971,The Netherlands,connect.txt
34.253.67.36,11129,United States,connect.txt
13.60.210.222,4706,Germany,connect.txt
43.217.143.203,8787,Germany,connect.txt
54.169.92.92,25741,Sweden,connect.txt
43.217.143.203,28920,Luxembourg,connect.txt
51.44.163.128,12004,Luxembourg,connect.txt
16.26.99.184,80,Poland,connect.txt
188.125.167.200,8080,T�rkiye,connect.txt
13.245.30.86,8087,Sweden,connect.txt
3.72.40.248,8086,United States,connect.txt
118.163.27.49,8080,Taiwan,connect.txt
202.93.247.52,8090,Indonesia,connect.txt
40.172.232.213,8093,Romania,connect.txt
38.224.97.6,999,Mexico,connect.txt
181.119.111.239,999,Guatemala,connect.txt
141.147.138.24,3128,Saudi Arabia,connect.txt
16.24.206.94,4325,Sweden,connect.txt
181.78.19.130,9992,Colombia,connect.txt
16.24.74.162,4325,The Netherlands,connect.txt
43.216.66.199,587,The Netherlands,connect.txt
54.219.186.252,3333,United States,connect.txt
115.77.135.193,10001,Vietnam,connect.txt
147.75.34.74,10052,The Netherlands,connect.txt
202.154.18.56,8080,Indonesia,connect.txt
179.1.48.44,8080,Colombia,connect.txt
18.100.202.104,8095,United States,connect.txt
3.70.99.20,1080,Sweden,connect.txt
18.101.58.162,4002,Sweden,connect.txt
51.44.165.88,13849,Sweden,connect.txt
13.212.217.108,50144,United States,connect.txt
16.24.206.94,4024,New Zealand,connect.txt
13.212.185.138,45911,United States,connect.txt
13.212.217.108,80,Sweden,connect.txt
34.41.115.197,3128,United States,connect.txt
3.10.224.238,3128,United States,connect.txt
3.36.119.182,3128,United States,connect.txt
108.136.160.200,3128,United States,connect.txt
16.62.48.122,3128,Sweden,connect.txt
13.232.153.188,3128,Sweden,connect.txt
52.78.3.94,3128,Germany,connect.txt
3.112.173.39,3128,Germany,connect.txt
54.245.37.59,3128,United States,connect.txt
18.61.174.7,3128,United States,connect.txt
18.228.191.229,3128,United States,connect.txt
57.180.55.43,80,Austria,connect.txt
52.53.240.122,4733,United States,connect.txt
34.207.150.233,33125,United States,connect.txt
13.40.33.253,49652,The Netherlands,connect.txt
3.112.173.39,80,Sweden,connect.txt
56.228.3.194,8014,United States,connect.txt
16.62.182.98,80,United States,connect.txt
18.60.146.88,3128,The Netherlands,connect.txt
51.92.196.157,3128,The Netherlands,connect.txt
51.17.120.27,3128,Germany,connect.txt
176.34.192.17,2596,The Netherlands,connect.txt
35.86.140.60,4397,United States,connect.txt
51.17.62.236,31084,The Netherlands,connect.txt
15.223.66.137,50550,The Netherlands,connect.txt
13.245.9.56,54213,The Netherlands,connect.txt
54.185.213.218,58496,United States,connect.txt
3.29.137.151,7405,The Netherlands,connect.txt
15.160.52.137,52877,United States,connect.txt
3.9.170.174,34107,United States,connect.txt
54.235.15.36,12539,United States,connect.txt
13.233.16.114,37265,The Netherlands,connect.txt
16.78.108.28,43395,United States,connect.txt
13.208.43.139,43069,Germany,connect.txt
157.175.163.22,36251,United States,connect.txt
124.83.97.183,8081,Philippines,connect.txt
36.64.214.186,8080,Indonesia,connect.txt
223.204.49.102,8080,Thailand,connect.txt
47.129.253.163,4028,United States,connect.txt
18.191.150.208,8031,United States,connect.txt
18.143.165.238,2324,Poland,connect.txt
13.232.153.188,80,Germany,connect.txt
188.132.222.140,8080,T�rkiye,connect.txt
13.39.112.151,48782,Germany,connect.txt
47.129.253.163,25396,United States,connect.txt
13.208.165.204,41323,United States,connect.txt
108.136.142.143,32052,Germany,connect.txt
3.71.82.144,41690,Sweden,connect.txt
15.160.52.137,7346,The Netherlands,connect.txt
13.245.30.86,37425,Sweden,connect.txt
54.185.213.218,19188,United States,connect.txt
18.188.141.177,21234,United States,connect.txt
35.179.146.181,36559,The Netherlands,connect.txt
35.180.23.174,51,Sweden,connect.txt
18.60.103.194,33431,Sweden,connect.txt
3.8.126.215,17294,Ukraine,connect.txt
43.218.138.81,9479,Germany,connect.txt
18.171.55.201,25662,The Netherlands,connect.txt
147.75.34.74,10088,The Netherlands,connect.txt
16.51.99.163,12116,United States,connect.txt
54.235.15.36,31277,Sweden,connect.txt
3.29.67.17,10088,The Netherlands,connect.txt
13.233.16.114,56968,The Netherlands,connect.txt
54.144.121.90,124,Austria,connect.txt
35.179.146.181,28902,Sweden,connect.txt
16.51.42.19,35736,United States,connect.txt
51.17.62.236,43749,The Netherlands,connect.txt
3.148.186.197,47403,United States,connect.txt
16.24.143.111,13608,United States,connect.txt
3.106.184.60,15289,Ukraine,connect.txt
3.79.237.156,56105,The Netherlands,connect.txt
54.251.135.171,3949,Sweden,connect.txt
3.28.136.133,3949,Denmark,connect.txt
195.162.70.48,8689,Ukraine,connect.txt
13.212.109.194,37415,France,connect.txt
35.86.140.60,29733,United States,connect.txt
13.245.196.7,10535,United States,connect.txt
35.182.24.10,10535,The Netherlands,connect.txt
13.211.58.248,10535,Germany,connect.txt
3.8.126.100,59394,Sweden,connect.txt
108.136.149.20,40224,Germany,connect.txt
43.203.248.231,8024,Germany,connect.txt
13.125.7.17,9971,United States,connect.txt
43.198.240.190,59329,United States,connect.txt
3.9.170.174,24468,The Netherlands,connect.txt
54.185.213.218,9605,Austria,connect.txt
15.237.40.19,24468,Denmark,connect.txt
16.51.166.225,7015,Germany,connect.txt
103.238.232.126,8080,Indonesia,connect.txt
45.157.148.206,8082,Iraq,connect.txt
58.69.105.244,8080,Philippines,connect.txt
101.109.31.117,8080,Thailand,connect.txt
49.147.114.211,8080,Philippines,connect.txt
167.86.93.118,8034,United Kingdom,connect.txt
18.100.202.104,14110,Germany,connect.txt
51.44.165.88,32554,United States,connect.txt
43.198.240.190,21919,Luxembourg,connect.txt
13.247.177.58,3128,Sweden,connect.txt
108.136.160.200,80,The Netherlands,connect.txt
3.99.151.49,7015,Sweden,connect.txt
54.185.213.218,15546,Germany,connect.txt
180.191.14.48,8082,Philippines,connect.txt
13.212.109.194,37215,United States,connect.txt
16.50.207.39,19655,The Netherlands,connect.txt
103.151.227.130,8080,Indonesia,connect.txt
103.154.230.99,8080,Indonesia,connect.txt
103.154.230.76,8080,Indonesia,connect.txt
43.218.38.44,39599,Sweden,connect.txt
51.16.49.151,47753,United States,connect.txt
52.53.240.122,47511,The Netherlands,connect.txt
56.155.140.14,17472,The Netherlands,connect.txt
108.136.142.143,23424,The Netherlands,connect.txt
3.36.119.182,1080,Sweden,connect.txt
16.78.5.169,18762,Germany,connect.txt
51.44.167.243,15077,The Netherlands,connect.txt
3.133.142.76,38315,Germany,connect.txt
3.28.135.248,38315,Germany,connect.txt
157.175.163.22,30823,Germany,connect.txt
98.81.132.5,11222,United States,connect.txt
3.255.114.253,8060,The Netherlands,connect.txt
15.237.40.19,11111,United States,connect.txt
13.245.9.56,11111,Seychelles,connect.txt
43.198.152.3,1080,Germany,connect.txt
43.203.248.231,49639,South Africa,connect.txt
13.244.109.204,1080,United States,connect.txt
56.228.3.194,1080,Ukraine,connect.txt
43.198.152.3,80,United States,connect.txt
13.246.39.61,48722,Germany,connect.txt
51.16.49.112,54742,Germany,connect.txt
15.207.84.45,1080,The Netherlands,connect.txt
51.16.49.151,35958,Poland,connect.txt
51.44.167.243,40752,Denmark,connect.txt
43.198.98.189,1080,Bulgaria,connect.txt
13.112.26.188,14397,United States,connect.txt
35.178.151.188,9532,United States,connect.txt
51.96.25.125,30680,France,connect.txt
13.247.119.174,30680,Sweden,connect.txt
35.86.140.60,36743,Germany,connect.txt
157.10.97.17,8080,Indonesia,connect.txt
18.171.55.201,6952,Poland,connect.txt
47.129.9.45,8101,United States,connect.txt
3.99.169.87,12473,The Netherlands,connect.txt
16.78.5.169,8101,Sweden,connect.txt
103.154.230.88,8080,Indonesia,connect.txt
56.155.130.244,44053,Italy,connect.txt
177.89.34.91,8080,Brazil,connect.txt
15.168.13.15,1080,Sweden,connect.txt
16.62.48.122,1080,United States,connect.txt
16.63.159.234,55713,Sweden,connect.txt
43.218.38.44,13,Germany,connect.txt
3.28.135.248,5879,Germany,connect.txt
43.203.253.82,1080,The Netherlands,connect.txt
54.251.135.171,4153,Germany,connect.txt
3.79.232.239,10141,Germany,connect.txt
47.129.9.45,49992,United States,connect.txt
15.185.225.12,49992,Germany,connect.txt
3.10.224.238,80,United States,connect.txt
3.145.16.157,9813,United States,connect.txt
54.185.213.218,7203,Sweden,connect.txt
43.198.240.190,49402,The Netherlands,connect.txt
56.228.3.194,22352,The Netherlands,connect.txt
54.93.101.225,22352,The Netherlands,connect.txt
15.185.225.12,5538,The Netherlands,connect.txt
3.29.129.161,28342,The Netherlands,connect.txt
3.79.232.239,25188,Luxembourg,connect.txt
18.226.200.222,1088,France,connect.txt
16.62.79.69,80,Germany,connect.txt
56.155.130.244,19354,United States,connect.txt
18.191.150.208,10810,Poland,connect.txt
56.124.106.18,8019,Seychelles,connect.txt
18.215.154.8,18325,Germany,connect.txt
3.133.142.76,44368,Germany,connect.txt
18.179.46.106,4144,The Netherlands,connect.txt
16.63.159.234,4857,Sweden,connect.txt
16.50.205.95,324,United States,connect.txt
3.28.219.174,9050,New Zealand,connect.txt
16.78.219.183,9050,Sweden,connect.txt
3.28.135.248,20,Luxembourg,connect.txt
3.29.67.17,20,The Netherlands,connect.txt
3.36.87.69,8081,Sweden,connect.txt
13.247.90.195,9443,The Netherlands,connect.txt
157.175.43.33,8080,United States,connect.txt
15.223.66.137,45866,The Netherlands,connect.txt
3.79.232.239,41679,Sweden,connect.txt
43.216.75.140,48859,United States,connect.txt
3.9.170.174,8088,United States,connect.txt
13.236.162.72,9098,The Netherlands,connect.txt
3.99.190.142,9098,The Netherlands,connect.txt
65.0.17.164,717,United States,connect.txt
18.61.174.7,1080,United States,connect.txt
108.136.163.59,35500,Germany,connect.txt
103.152.238.93,1080,Indonesia,connect.txt
103.81.110.187,8080,Indonesia,connect.txt
18.171.55.201,9060,United States,connect.txt
98.130.47.34,11473,Luxembourg,connect.txt
40.172.100.93,15920,United States,connect.txt
13.61.14.179,36986,Ukraine,connect.txt
157.175.205.173,644,United States,connect.txt
57.180.55.43,1080,The Netherlands,connect.txt
34.254.91.57,37,United States,connect.txt
18.141.234.54,34223,United States,connect.txt
16.63.159.234,34611,Sweden,connect.txt
3.36.87.69,47620,Germany,connect.txt
157.175.205.173,47620,The Netherlands,connect.txt
3.141.21.172,47620,United States,connect.txt
51.16.49.112,47620,United States,connect.txt
182.253.145.188,3128,Indonesia,connect.txt
36.64.183.98,8080,Indonesia,connect.txt
125.27.14.71,8080,Thailand,connect.txt
14.186.61.187,10014,Vietnam,connect.txt
103.181.255.49,8080,Indonesia,connect.txt
160.187.174.38,8080,Japan,connect.txt
14.186.61.187,10049,Vietnam,connect.txt
49.145.60.6,8082,Philippines,connect.txt
150.107.246.138,8080,Indonesia,connect.txt
13.61.14.179,10000,United States,connect.txt
54.199.199.66,10021,United States,connect.txt
3.107.161.240,10021,United States,connect.txt
13.247.119.174,9200,The Netherlands,connect.txt
16.78.108.28,9200,United States,connect.txt
15.161.90.45,4145,The Netherlands,connect.txt
43.216.254.130,19024,Germany,connect.txt
13.208.165.204,13942,United States,connect.txt
13.245.9.56,13942,The Netherlands,connect.txt
13.247.119.174,50362,Sweden,connect.txt
180.194.131.164,8080,Philippines,connect.txt
14.186.61.187,10056,Vietnam,connect.txt
14.186.61.187,10027,Vietnam,connect.txt
103.139.98.25,8080,Indonesia,connect.txt
18.61.174.7,80,United States,connect.txt
171.4.40.83,8080,Thailand,connect.txt
3.28.207.182,8010,Germany,connect.txt
3.36.87.69,37060,Germany,connect.txt
13.125.7.17,30000,United States,connect.txt
52.77.228.115,1088,The Netherlands,connect.txt
157.175.43.33,37209,United States,connect.txt
51.16.49.112,12192,United States,connect.txt
3.99.151.49,30306,United States,connect.txt
13.61.14.179,38328,The Netherlands,connect.txt
13.247.184.101,37067,Germany,connect.txt
51.17.182.135,8410,Ukraine,connect.txt
51.92.196.186,42756,United States,connect.txt
16.78.5.169,11654,The Netherlands,connect.txt
18.61.163.249,11654,The Netherlands,connect.txt
103.191.58.202,8080,Indonesia,connect.txt
18.230.25.85,12030,United States,connect.txt
103.154.76.115,89,Indonesia,connect.txt
118.99.95.104,8888,Indonesia,connect.txt
177.154.24.254,8080,Brazil,connect.txt
177.74.128.9,8080,Brazil,connect.txt
143.105.103.97,8080,United States,connect.txt
177.253.133.234,8080,Colombia,connect.txt
149.86.152.226,8080,T�rkiye,connect.txt
18.166.211.233,57589,United States,connect.txt
3.10.207.94,31466,Sweden,connect.txt
43.198.210.161,5060,United States,connect.txt
13.39.112.151,52611,Germany,connect.txt
108.136.163.59,47243,United States,connect.txt
18.143.165.238,12027,United States,connect.txt
185.201.118.100,53281,Italy,connect.txt
54.233.23.106,21470,United States,connect.txt
27.76.9.187,10007,Vietnam,connect.txt
3.36.87.69,42475,United States,connect.txt
3.28.207.182,52195,Denmark,connect.txt
3.79.237.156,40891,United States,connect.txt
103.51.98.6,8080,Indonesia,connect.txt
15.223.74.252,8296,United States,connect.txt
13.112.26.188,4673,United States,connect.txt
18.61.87.35,8045,United States,connect.txt
18.100.202.104,8765,The Netherlands,connect.txt
54.193.116.236,58216,Sweden,connect.txt
18.215.154.8,40794,The Netherlands,connect.txt
54.251.135.171,30071,Luxembourg,connect.txt
16.50.207.39,8057,The Netherlands,connect.txt
13.247.184.101,25548,Poland,connect.txt
3.148.168.54,9763,The Netherlands,connect.txt
51.17.62.236,27155,Ukraine,connect.txt
35.95.34.84,22341,Germany,connect.txt
13.221.134.55,9060,The Netherlands,connect.txt
54.233.16.50,9060,Luxembourg,connect.txt
3.99.151.49,46040,Germany,connect.txt
51.96.25.125,31164,United States,connect.txt
35.182.24.10,52921,Luxembourg,connect.txt
176.34.192.17,57728,United States,connect.txt
157.175.163.22,57728,Sweden,connect.txt
15.237.40.19,8009,,connect.txt
178.210.131.63,9409,Ukraine,connect.txt
31.134.120.124,1214,Ukraine,connect.txt
190.121.128.38,11201,Colombia,connect.txt
3.148.168.54,43478,The Netherlands,connect.txt
116.102.187.37,4128,Vietnam,connect.txt
3.133.142.76,1081,United States,connect.txt
3.79.237.156,8999,The Netherlands,connect.txt
13.246.39.61,8999,United States,connect.txt
16.51.99.163,8999,United States,connect.txt
51.44.165.88,8999,United States,connect.txt
18.100.202.104,8999,United States,connect.txt
51.16.38.190,8999,Luxembourg,connect.txt
103.231.236.219,8182,Indonesia,connect.txt
103.133.24.241,8181,Indonesia,connect.txt
103.197.206.97,23654,Bangladesh,connect.txt
103.231.236.217,8182,Indonesia,connect.txt
103.231.236.239,8182,Indonesia,connect.txt
103.190.171.173,8070,Indonesia,connect.txt
116.99.46.81,4001,Vietnam,connect.txt
103.124.137.184,7777,Japan,connect.txt
103.242.104.24,8070,Indonesia,connect.txt
103.178.2.187,8181,Indonesia,connect.txt
16.51.166.225,16909,United States,connect.txt
103.167.15.69,8080,,connect.txt
13.236.162.72,45535,Germany,connect.txt
51.17.155.195,8232,Sweden,connect.txt
52.12.84.86,8003,The Netherlands,connect.txt
18.141.234.54,29080,United States,connect.txt
13.247.119.174,29080,The Netherlands,connect.txt
47.129.162.143,55443,United States,connect.txt
18.171.55.201,11832,United States,connect.txt
16.50.205.95,198,United States,connect.txt
13.247.90.195,44499,Denmark,connect.txt
15.223.74.252,56743,United States,connect.txt
3.72.40.248,38041,United States,connect.txt
35.182.24.10,56743,United States,connect.txt
13.247.66.158,56743,The Netherlands,connect.txt
43.216.254.130,56743,Germany,connect.txt
16.63.160.161,53281,United States,connect.txt
16.78.5.169,53281,The Netherlands,connect.txt
110.78.146.209,3127,Thailand,connect.txt
52.78.3.94,53281,United States,connect.txt
3.72.40.248,43241,Germany,connect.txt
16.51.42.19,44499,France,connect.txt
13.60.201.160,44499,United States,connect.txt
13.246.39.61,44499,United States,connect.txt
3.71.82.144,44499,United States,connect.txt
13.125.239.254,44499,Moldova,connect.txt
13.247.119.174,44499,Sweden,connect.txt
15.223.54.241,324,The Netherlands,connect.txt
43.198.240.190,24926,United States,connect.txt
18.141.234.54,324,The Netherlands,connect.txt
15.223.66.137,324,Sweden,connect.txt
35.94.168.239,35285,Ukraine,connect.txt
16.63.160.161,35285,Germany,connect.txt
3.27.237.252,23218,Germany,connect.txt
57.180.21.176,35285,Germany,connect.txt
16.176.152.119,35285,United States,connect.txt
16.26.41.102,35285,Germany,connect.txt
51.17.155.195,9402,Sweden,connect.txt
42.117.128.81,16000,Vietnam,connect.txt
181.119.67.218,999,Colombia,connect.txt
27.79.244.42,16000,Vietnam,connect.txt
3.148.186.197,3001,Germany,connect.txt
34.253.67.36,808,United States,connect.txt
54.251.135.171,808,Austria,connect.txt
43.199.209.186,808,Sweden,connect.txt
121.230.8.177,48722,China,connect.txt
3.133.142.76,13040,United States,connect.txt
52.193.148.177,37777,The Netherlands,connect.txt
34.240.114.170,31335,,connect.txt
116.103.26.249,16000,Vietnam,connect.txt
51.44.85.200,443,France,connect.txt
49.147.92.44,8082,Philippines,connect.txt
103.154.77.70,89,Indonesia,connect.txt
18.230.25.85,9357,The Netherlands,connect.txt
15.185.225.12,13040,United States,connect.txt
3.148.168.54,47474,Sweden,connect.txt
51.92.196.186,33285,United States,connect.txt
54.154.27.41,1080,United States,connect.txt
170.78.115.209,999,Chile,connect.txt
51.96.25.125,2887,The Netherlands,connect.txt
43.203.229.123,32680,The Netherlands,connect.txt
3.99.151.49,59893,Germany,connect.txt
3.71.82.144,32680,The Netherlands,connect.txt
18.188.141.177,1111,United States,connect.txt
18.60.233.122,32680,United States,connect.txt
18.141.234.54,32680,United States,connect.txt
43.216.250.248,32680,France,connect.txt
3.148.168.54,32680,The Netherlands,connect.txt
18.61.227.83,1080,The Netherlands,connect.txt
3.72.40.248,45003,United States,connect.txt
15.185.200.207,1080,The Netherlands,connect.txt
116.102.187.37,4127,Vietnam,connect.txt
16.51.99.163,56417,United States,connect.txt
15.185.205.216,1080,Sweden,connect.txt
51.17.155.195,32608,Denmark,connect.txt
54.164.108.170,35427,Germany,connect.txt
51.16.38.190,56417,Sweden,connect.txt
3.107.161.240,19479,Seychelles,connect.txt
18.166.211.233,56417,Ukraine,connect.txt
51.17.155.195,5030,The Netherlands,connect.txt
54.168.197.42,7890,United States,connect.txt
13.212.217.108,11821,United States,connect.txt
18.132.14.119,11821,United States,connect.txt
13.48.104.92,11821,United States,connect.txt
15.185.229.229,1080,Sweden,connect.txt
3.107.161.240,199,Ukraine,connect.txt
18.100.254.225,9443,The Netherlands,connect.txt
13.212.185.138,3701,The Netherlands,connect.txt
3.148.168.54,46206,Sweden,connect.txt
51.17.130.116,199,United States,connect.txt
3.106.184.60,50,United States,connect.txt
13.125.7.17,199,Sweden,connect.txt
18.60.111.249,413,United States,connect.txt
13.112.26.188,32361,Germany,connect.txt
3.29.137.151,50,The Netherlands,connect.txt
16.78.108.30,32361,United States,connect.txt
13.208.43.139,32361,Germany,connect.txt
13.208.172.78,32361,Ukraine,connect.txt
16.63.160.161,32361,Germany,connect.txt
15.184.236.14,32361,United States,connect.txt
47.129.162.143,32361,United States,connect.txt
3.29.137.151,45,United States,connect.txt
43.216.148.22,32361,United States,connect.txt
16.51.185.188,4700,The Netherlands,connect.txt
13.247.184.101,4700,Germany,connect.txt
3.36.87.69,14793,The Netherlands,connect.txt
15.160.52.137,4700,France,connect.txt
18.226.200.222,4700,United States,connect.txt
54.164.108.170,4700,Sweden,connect.txt
15.161.90.45,40991,United States,connect.txt
18.60.103.194,27337,United States,connect.txt
40.192.110.77,4700,The Netherlands,connect.txt
13.38.66.165,25569,The Netherlands,connect.txt
13.208.165.204,49025,United States,connect.txt
108.136.142.143,49025,Germany,connect.txt
56.155.140.14,49025,Sweden,connect.txt
47.129.162.143,8008,Germany,connect.txt
16.51.166.225,49025,Luxembourg,connect.txt
56.124.106.18,49025,Germany,connect.txt
108.136.163.59,49025,The Netherlands,connect.txt
13.125.239.254,10600,The Netherlands,connect.txt
43.217.159.83,49025,United States,connect.txt
13.57.11.118,49025,Germany,connect.txt
3.106.184.60,592,Poland,connect.txt
16.63.160.161,49025,United States,connect.txt
16.24.143.111,49025,United States,connect.txt
54.164.108.170,49025,United States,connect.txt
15.160.52.137,42949,Germany,connect.txt
43.203.229.123,49025,United States,connect.txt
3.29.129.161,49025,United States,connect.txt
13.38.66.165,49025,United States,connect.txt
15.223.54.241,49025,United States,connect.txt
18.60.233.122,49025,The Netherlands,connect.txt
3.99.169.87,592,The Netherlands,connect.txt
15.184.236.14,592,Ukraine,connect.txt
16.176.152.119,592,Luxembourg,connect.txt
43.216.148.22,592,Sweden,connect.txt
16.50.207.39,11790,The Netherlands,connect.txt
43.203.248.231,7010,Canada,connect.txt
51.17.130.116,25505,Germany,connect.txt
43.198.103.235,592,Sweden,connect.txt
3.99.190.142,10036,Sweden,connect.txt
3.99.169.87,25485,The Netherlands,connect.txt
43.199.209.186,27116,Sweden,connect.txt
54.235.15.36,592,United States,connect.txt
15.185.225.12,592,United States,connect.txt
3.36.87.69,44272,United States,connect.txt
18.61.87.35,592,United States,connect.txt
51.96.75.27,33513,The Netherlands,connect.txt
54.180.239.137,39053,The Netherlands,connect.txt
16.51.166.225,2021,Germany,connect.txt
51.44.167.243,592,United States,connect.txt
13.245.30.86,592,The Netherlands,connect.txt
18.170.63.85,34356,Sweden,connect.txt
3.101.76.84,89,Romania,connect.txt
157.175.163.22,29981,United States,connect.txt
13.114.9.221,5060,Germany,connect.txt
34.253.67.36,29981,United States,connect.txt
13.232.102.182,29981,The Netherlands,connect.txt
51.44.163.128,54450,United States,connect.txt
51.17.62.236,29981,Sweden,connect.txt
35.159.31.44,29981,United States,connect.txt
3.255.114.253,29981,United States,connect.txt
16.78.108.28,29981,Sweden,connect.txt
18.188.141.177,29981,Ukraine,connect.txt
43.218.138.81,29981,The Netherlands,connect.txt
3.28.136.133,29981,United States,connect.txt
3.28.135.248,29981,Bulgaria,connect.txt
34.240.114.170,29981,Germany,connect.txt
54.168.197.42,29981,United States,connect.txt
16.63.160.161,29981,Germany,connect.txt
43.217.143.203,29981,Switzerland,connect.txt
108.136.142.143,29981,The Netherlands,connect.txt
3.70.46.172,44446,The Netherlands,connect.txt
15.185.82.178,29981,United States,connect.txt
65.2.181.188,44391,United States,connect.txt
18.60.103.194,717,France,connect.txt
13.212.109.194,29981,United States,connect.txt
54.164.108.170,29981,Luxembourg,connect.txt
3.28.135.248,59349,Bulgaria,connect.txt
13.245.196.253,19479,Sweden,connect.txt
43.217.143.220,19479,Germany,connect.txt
3.28.207.182,19479,The Netherlands,connect.txt
34.219.126.154,22590,The Netherlands,connect.txt
15.223.66.137,19479,Sweden,connect.txt
3.28.136.133,37578,Ukraine,connect.txt
3.133.142.76,19479,United States,connect.txt
15.185.225.12,19479,United States,connect.txt
15.237.40.19,16624,United States,connect.txt
15.168.13.15,19479,Germany,connect.txt
65.2.181.188,16611,United States,connect.txt
3.79.232.239,19479,The Netherlands,connect.txt
18.179.46.106,19479,Sweden,connect.txt
51.17.155.195,21783,The Netherlands,connect.txt
34.253.67.36,11080,United States,connect.txt
47.129.162.143,19479,United States,connect.txt
13.125.239.254,19479,The Netherlands,connect.txt
13.245.30.86,19479,United States,connect.txt
52.78.241.34,19479,United States,connect.txt
18.191.150.208,19479,United States,connect.txt
51.92.196.186,19479,United States,connect.txt
3.36.87.69,19479,Austria,connect.txt
18.61.163.249,5201,The Netherlands,connect.txt
18.60.111.249,19479,France,connect.txt
3.106.184.60,12000,Ukraine,connect.txt
16.78.219.183,8006,The Netherlands,connect.txt
43.216.254.130,8006,The Netherlands,connect.txt
43.203.248.231,8006,Luxembourg,connect.txt
13.247.66.158,8006,The Netherlands,connect.txt
35.95.34.84,8006,Sweden,connect.txt
18.100.254.225,8006,Germany,connect.txt
13.232.102.182,8006,The Netherlands,connect.txt
183.80.16.147,8006,Vietnam,connect.txt
15.223.66.137,8006,The Netherlands,connect.txt
16.51.42.19,8006,The Netherlands,connect.txt
40.172.232.213,8006,The Netherlands,connect.txt
15.161.90.45,8006,United States,connect.txt
18.141.234.54,8006,United States,connect.txt
52.193.148.177,34968,Sweden,connect.txt
43.199.209.186,2127,Germany,connect.txt
3.99.169.87,2315,Germany,connect.txt
3.28.136.133,2469,United States,connect.txt
13.212.109.194,8006,The Netherlands,connect.txt
15.161.90.45,4085,The Netherlands,connect.txt
43.218.38.44,8006,France,connect.txt
3.28.207.182,8006,Germany,connect.txt
54.185.213.218,8006,Germany,connect.txt
16.78.5.169,8006,The Netherlands,connect.txt
56.155.140.14,8006,Germany,connect.txt
43.198.240.190,8006,United States,connect.txt
3.29.67.17,8006,Sweden,connect.txt
16.78.108.30,8006,The Netherlands,connect.txt
18.191.150.208,8006,The Netherlands,connect.txt
3.99.169.87,8006,Germany,connect.txt
18.215.154.8,8006,United States,connect.txt
3.145.16.157,8006,The Netherlands,connect.txt
18.117.119.99,40467,The Netherlands,connect.txt
43.217.143.220,8006,Germany,connect.txt
108.136.220.77,34587,Sweden,connect.txt
18.117.119.99,8006,United States,connect.txt
13.61.14.179,8006,United States,connect.txt
51.17.155.195,42205,Germany,connect.txt
3.107.161.240,49223,The Netherlands,connect.txt
3.133.142.76,49223,United States,connect.txt
3.28.135.248,49223,The Netherlands,connect.txt
34.207.150.233,49223,Ukraine,connect.txt
51.44.21.233,49223,Sweden,connect.txt
13.48.104.92,49223,United States,connect.txt
13.112.26.188,49223,The Netherlands,connect.txt
51.16.49.112,11,United States,connect.txt
51.92.196.186,161,The Netherlands,connect.txt
35.180.23.174,49223,United States,connect.txt
18.101.7.10,49223,The Netherlands,connect.txt
54.168.197.42,49223,United States,connect.txt
54.93.101.225,34472,Sweden,connect.txt
52.78.241.34,49223,United States,connect.txt
34.219.126.154,59990,Poland,connect.txt
43.198.210.161,49223,Luxembourg,connect.txt
3.28.136.133,59,Canada,connect.txt
18.101.58.162,49223,Luxembourg,connect.txt
147.75.49.154,443,United States,connect.txt
147.75.49.154,80,United States,connect.txt
43.216.250.248,7755,The Netherlands,connect.txt
43.199.209.186,22940,Germany,connect.txt
43.217.134.23,6388,Sweden,connect.txt
54.233.16.50,49223,United States,connect.txt
116.68.203.3,3128,Bangladesh,connect.txt
43.199.209.186,41807,Germany,connect.txt
51.17.130.116,49223,United States,connect.txt
43.217.116.234,49223,United States,connect.txt
13.245.196.253,8534,The Netherlands,connect.txt
3.141.21.172,49223,United States,connect.txt
47.129.162.143,3905,The Netherlands,connect.txt
3.79.232.239,49223,United States,connect.txt
18.60.103.194,49223,Sweden,connect.txt
13.245.9.56,49223,United States,connect.txt
54.93.101.225,29,The Netherlands,connect.txt
35.179.146.181,31433,Sweden,connect.txt
13.61.14.179,42949,Germany,connect.txt
43.216.254.130,42949,United States,connect.txt
51.17.155.195,14268,Sweden,connect.txt
13.247.90.195,42949,The Netherlands,connect.txt
54.169.92.92,42949,United States,connect.txt
54.93.101.225,84,The Netherlands,connect.txt
43.198.103.235,42949,Germany,connect.txt
16.176.152.119,42949,United States,connect.txt
63.178.13.177,42949,The Netherlands,connect.txt
3.79.232.239,42949,Ukraine,connect.txt
16.78.108.30,42949,Czechia,connect.txt
13.247.66.158,42949,United States,connect.txt
3.107.161.240,42949,Sweden,connect.txt
13.208.172.78,42949,United States,connect.txt
16.51.99.163,42949,United States,connect.txt
15.168.14.236,42949,The Netherlands,connect.txt
51.17.130.116,42949,Germany,connect.txt
3.99.190.142,42949,The Netherlands,connect.txt
13.245.196.253,42949,Luxembourg,connect.txt
18.215.154.8,23140,Denmark,connect.txt
35.182.24.10,23170,The Netherlands,connect.txt
13.232.213.216,42949,Sweden,connect.txt
13.208.43.139,42949,Germany,connect.txt
157.175.205.173,42949,Sweden,connect.txt
65.0.17.164,42949,The Netherlands,connect.txt
13.127.244.135,42949,United States,connect.txt
13.114.9.221,42949,United States,connect.txt
54.193.116.236,42949,United States,connect.txt
18.215.154.8,38883,United States,connect.txt
35.179.146.181,4289,Germany,connect.txt
18.60.103.194,42949,United States,connect.txt
80.241.251.54,8080,Georgia,http.txt
203.19.38.114,1080,China,http.txt
123.30.154.171,7777,Vietnam,http.txt
190.103.177.131,80,Argentina,http.txt
117.54.114.97,80,Indonesia,http.txt
103.39.49.156,3128,Indonesia,http.txt
8.209.255.13,3128,Japan,http.txt
47.91.65.23,3128,Germany,http.txt
93.180.221.205,8080,Iraq,http.txt
47.88.18.204,8023,United States,http.txt
84.255.40.228,8998,Malta,http.txt
182.253.181.10,8080,Indonesia,http.txt
177.234.247.234,999,Ecuador,http.txt
180.180.175.11,8080,Thailand,http.txt
142.93.202.130,3128,United States,http.txt
103.147.246.222,8080,Indonesia,http.txt
47.83.192.255,8888,United States,http.txt
62.33.53.248,3128,Russia,http.txt
115.124.75.57,8080,Indonesia,http.txt
103.133.27.179,8080,Indonesia,http.txt
103.169.254.101,6080,Indonesia,http.txt
36.50.115.180,8081,Indonesia,http.txt
187.251.224.167,8081,Mexico,http.txt
98.64.128.182,3128,The Netherlands,http.txt
109.127.82.4,8085,Iraq,http.txt
91.241.217.58,9090,Ukraine,http.txt
113.23.155.110,1231,Malaysia,http.txt
83.168.74.163,8080,Poland,http.txt
103.154.77.64,89,Indonesia,http.txt
182.155.254.159,80,Taiwan,http.txt
103.163.135.57,7777,Indonesia,http.txt
119.93.87.65,8080,Philippines,http.txt
4.149.210.210,3128,United States,http.txt
103.82.246.249,6080,Indonesia,http.txt
103.169.132.58,8085,Indonesia,http.txt
170.78.210.123,999,Mexico,http.txt
216.122.181.210,999,Dominican Republic,http.txt
14.29.236.128,7897,China,http.txt
38.65.172.81,999,Mexico,http.txt
103.165.151.81,8080,Indonesia,http.txt
154.0.14.116,3128,South Africa,http.txt
141.136.63.126,8080,Venezuela,http.txt
150.109.37.211,3128,Hong Kong,http.txt
38.194.246.34,999,Mexico,http.txt
23.28.246.152,8080,United States,http.txt
103.83.97.11,8090,Indonesia,http.txt
103.125.116.114,8080,Indonesia,http.txt
8.213.151.128,3128,Singapore,http.txt
47.243.92.199,3128,Hong Kong,http.txt
91.200.163.190,8088,Russia,http.txt
47.91.104.88,3128,United Arab Emirates,http.txt
103.76.201.126,8080,Indonesia,http.txt
103.165.157.239,1080,Indonesia,http.txt
41.59.90.168,80,Tanzania,http.txt
41.59.90.175,80,Tanzania,http.txt
14.241.80.37,8080,Vietnam,http.txt
14.225.210.186,3129,Vietnam,http.txt
195.85.250.61,3128,The Netherlands,http.txt
103.156.17.158,8818,Indonesia,http.txt
103.172.71.52,8080,Indonesia,http.txt
47.89.184.18,3128,United States,http.txt
103.156.16.193,8818,Indonesia,http.txt
91.241.241.60,9090,Ukraine,http.txt
103.178.171.34,8080,Indonesia,http.txt
45.167.126.37,999,Colombia,http.txt
103.148.113.170,8080,Indonesia,http.txt
103.75.119.185,80,Australia,http.txt
103.99.136.42,8080,Indonesia,http.txt
103.155.167.26,1111,Indonesia,http.txt
5.102.109.41,999,Mexico,http.txt
103.88.239.178,82,India,http.txt
103.68.233.142,8080,Indonesia,http.txt
201.182.251.179,999,Colombia,http.txt
221.120.248.85,8080,Pakistan,http.txt
80.94.229.155,8080,Belarus,http.txt
92.58.181.171,1194,Spain,http.txt
103.156.248.26,8080,Indonesia,http.txt
102.213.179.194,8081,Kenya,http.txt
89.117.145.245,3128,United States,http.txt
203.190.117.100,8076,Indonesia,http.txt
38.250.126.201,999,Chile,http.txt
23.237.210.82,80,United States,http.txt
159.138.9.58,2221,Hong Kong,http.txt
45.173.12.84,999,Colombia,http.txt
138.199.233.152,80,Germany,http.txt
57.129.81.201,8080,France,http.txt
57.129.81.201,3128,France,http.txt
57.129.81.201,8081,France,http.txt
57.129.81.201,999,France,http.txt
103.151.226.61,8080,Indonesia,http.txt
114.198.245.51,8080,Indonesia,http.txt
45.136.198.40,3128,Bulgaria,http.txt
103.81.194.165,8080,Indonesia,http.txt
103.151.119.41,8080,Bangladesh,http.txt
43.135.36.240,80,Hong Kong,http.txt
41.59.115.217,8081,Tanzania,http.txt
188.125.169.199,8080,T�rkiye,http.txt
51.81.245.3,17981,United States,http.txt
91.239.7.75,80,France,http.txt
198.23.143.74,80,United States,http.txt
157.230.38.173,3128,Singapore,http.txt
200.117.0.225,999,Argentina,http.txt
103.190.62.225,1080,Indonesia,http.txt
200.174.198.86,8888,Brazil,http.txt
41.223.119.156,3128,Zambia,http.txt
190.145.227.114,999,Colombia,http.txt
200.35.34.133,999,Colombia,http.txt
103.186.12.14,8080,Indonesia,http.txt
179.60.53.45,999,Ecuador,http.txt
188.125.169.99,8080,T�rkiye,http.txt
122.52.157.209,8081,Philippines,http.txt
176.105.212.219,8080,Ukraine,http.txt
180.190.238.62,8080,Philippines,http.txt
200.60.145.167,8081,Peru,http.txt
177.184.195.168,8080,Brazil,http.txt
41.65.236.34,1976,Egypt,http.txt
38.156.73.51,8080,T�rkiye,http.txt
164.163.42.33,10000,Argentina,http.txt
164.163.42.36,10000,Argentina,http.txt
188.132.222.132,8080,T�rkiye,http.txt
38.252.213.63,999,Peru,http.txt
164.163.42.5,10000,Argentina,http.txt
164.163.42.42,10000,Argentina,http.txt
164.163.42.27,10000,Argentina,http.txt
160.120.22.13,3128,Ivory Coast,http.txt
103.232.20.172,8080,Indonesia,http.txt
201.150.116.32,999,Mexico,http.txt
201.150.116.3,999,Mexico,http.txt
103.160.182.103,8080,Indonesia,http.txt
164.163.40.90,10000,Argentina,http.txt
103.191.254.134,8080,Indonesia,http.txt
147.75.34.74,9401,The Netherlands,http.txt
103.230.81.121,8080,Indonesia,http.txt
102.38.7.110,1972,Libya,http.txt
164.163.42.12,10000,Argentina,http.txt
164.163.42.14,10000,Argentina,http.txt
186.96.68.70,999,Panama,http.txt
160.19.18.223,7777,Indonesia,http.txt
185.41.152.110,3128,France,http.txt
181.39.12.230,999,Ecuador,http.txt
188.132.222.46,8080,T�rkiye,http.txt
45.184.103.110,999,Venezuela,http.txt
147.75.34.74,9443,The Netherlands,http.txt
45.173.199.51,999,Venezuela,http.txt
112.201.187.177,8083,Philippines,http.txt
103.150.206.91,8080,Pakistan,http.txt
103.190.113.120,8085,Indonesia,http.txt
160.248.189.95,3127,Japan,http.txt
160.248.189.97,3127,Japan,http.txt
160.191.167.216,39212,Japan,http.txt
182.253.42.148,8082,Indonesia,http.txt
5.189.130.42,23055,Germany,http.txt
103.184.52.82,8080,Indonesia,http.txt
197.167.214.157,1981,Egypt,http.txt
87.239.31.42,80,Russia,http.txt
188.234.158.66,80,Russia,http.txt
4.156.78.45,80,United States,http.txt
103.203.234.13,8181,Indonesia,http.txt
193.30.13.186,8080,Ecuador,http.txt
142.171.127.232,7890,United States,http.txt
209.62.196.68,8080,United States,http.txt
5.160.146.195,8080,Iran,http.txt
182.253.217.220,8008,Indonesia,http.txt
197.167.214.157,1976,Egypt,http.txt
103.138.145.34,80,Bangladesh,http.txt
100.42.177.68,3128,Germany,http.txt
38.194.253.228,999,Mexico,http.txt
147.75.34.74,10001,The Netherlands,http.txt
109.71.254.4,80,Germany,http.txt
107.178.115.140,3128,United States,http.txt
197.164.101.21,1981,Egypt,http.txt
103.193.144.99,8080,Indonesia,http.txt
176.106.36.12,8070,Poland,http.txt
147.75.34.74,10004,The Netherlands,http.txt
102.0.21.14,8080,Kenya,http.txt
46.166.83.132,8081,Russia,http.txt
103.211.107.230,1111,Indonesia,http.txt
173.249.39.200,3128,Germany,http.txt
147.75.34.74,10028,The Netherlands,http.txt
167.86.93.118,8017,United States,http.txt
202.47.185.2,8080,Indonesia,http.txt
89.26.83.25,8080,Austria,http.txt
103.147.77.254,7777,Indonesia,http.txt
79.72.67.236,3128,United Kingdom,http.txt
92.113.43.110,8080,Ukraine,http.txt
103.173.244.210,58080,India,http.txt
149.86.144.51,8080,T�rkiye,http.txt
194.147.149.234,3128,The Netherlands,http.txt
103.80.98.46,8080,Indonesia,http.txt
200.35.50.89,3028,Colombia,http.txt
35.226.32.10,3128,United States,http.txt
103.183.19.34,3128,Indonesia,http.txt
187.251.130.140,8080,Mexico,http.txt
103.191.196.206,8080,Indonesia,http.txt
196.204.83.237,1981,Egypt,http.txt
122.52.170.254,8080,Philippines,http.txt
103.174.236.83,8080,Indonesia,http.txt
167.86.93.118,8058,United Kingdom,http.txt
186.215.43.138,3128,Brazil,http.txt
92.67.186.210,80,The Netherlands,http.txt
85.117.61.74,8080,Georgia,http.txt
87.239.31.43,80,Russia,http.txt
4.245.123.244,80,The Netherlands,http.txt
4.195.16.140,80,Australia,http.txt
103.60.204.18,80,Bangladesh,http.txt
147.75.34.105,443,The Netherlands,http.txt
185.36.145.215,80,Sweden,http.txt
108.141.130.146,80,The Netherlands,http.txt
91.239.7.76,80,France,http.txt
213.189.137.134,80,Switzerland,http.txt
213.189.137.132,80,Switzerland,http.txt
37.27.253.44,8073,Finland,http.txt
167.86.93.118,8057,United Kingdom,http.txt
196.204.83.233,1981,Egypt,http.txt
94.250.169.75,3232,Croatia,http.txt
103.114.25.6,8088,Nepal,http.txt
37.27.253.44,8039,United States,http.txt
37.27.253.44,8034,United States,http.txt
37.27.253.44,8040,United States,http.txt
37.27.253.44,8070,Norway,http.txt
37.27.253.44,8038,United States,http.txt
37.27.253.44,8030,United States,http.txt
101.255.148.2,8080,Indonesia,http.txt
37.27.253.44,8098,Liechtenstein,http.txt
37.27.253.44,8037,United States,http.txt
37.27.253.44,8058,Germany,http.txt
167.86.93.118,8030,United States,http.txt
167.86.93.118,8004,United States,http.txt
167.86.93.118,8018,United States,http.txt
147.75.34.74,10011,The Netherlands,http.txt
36.50.27.253,39250,Vietnam,http.txt
103.125.174.66,7777,Indonesia,http.txt
45.71.115.91,999,Ecuador,http.txt
181.204.81.179,999,Colombia,http.txt
37.27.253.44,8094,Cyprus,http.txt
84.36.39.202,1976,Egypt,http.txt
189.36.192.25,8080,Brazil,http.txt
188.132.222.26,8080,T�rkiye,http.txt
103.155.197.208,8080,Indonesia,http.txt
103.171.255.55,8077,Indonesia,http.txt
164.163.42.40,10000,Argentina,http.txt
68.183.2.115,3128,The Netherlands,http.txt
67.43.228.250,1335,Bangladesh,http.txt
150.107.192.65,8080,India,http.txt
103.155.199.67,8080,Indonesia,http.txt
72.10.160.91,1571,Indonesia,http.txt
167.99.157.169,3128,United States,http.txt
124.217.102.183,8082,Philippines,http.txt
157.66.37.78,8080,Indonesia,http.txt
27.124.75.59,8080,Indonesia,http.txt
205.198.65.77,80,Hong Kong,http.txt
203.25.211.220,10005,China,http.txt
8.222.17.214,1080,Philippines,http.txt
58.69.222.240,8082,Philippines,http.txt
5.160.47.72,8080,Iran,http.txt
103.63.26.226,8080,Indonesia,http.txt
160.187.221.186,8082,Japan,http.txt
45.157.148.204,8080,Iraq,http.txt
124.217.72.134,8081,Philippines,http.txt
103.148.112.245,60080,Indonesia,http.txt
72.10.164.178,29965,Hong Kong,http.txt
119.94.116.130,8081,Philippines,http.txt
38.158.202.56,999,Mexico,http.txt
103.55.225.129,8080,Indonesia,http.txt
187.21.165.127,8080,Brazil,http.txt
103.85.53.62,8088,Indonesia,http.txt
8.217.90.53,8888,Hong Kong,http.txt
75.119.141.8,7788,Germany,http.txt
14.186.61.187,10030,Vietnam,http.txt
116.103.93.153,16000,Vietnam,http.txt
222.127.239.41,8082,Philippines,http.txt
103.165.157.107,8080,Indonesia,http.txt
171.7.42.231,8080,Thailand,http.txt
167.86.93.118,8054,United States,http.txt
223.206.123.67,8080,Thailand,http.txt
223.205.34.13,8080,Thailand,http.txt
49.48.42.154,8080,Thailand,http.txt
45.224.149.77,999,Ecuador,http.txt
163.223.78.101,1080,Japan,http.txt
45.167.125.222,999,Colombia,http.txt
104.237.232.203,8080,United States,http.txt
145.223.68.60,3128,The Netherlands,http.txt
124.120.110.241,8080,Thailand,http.txt
114.9.53.102,8080,Indonesia,http.txt
114.9.82.38,8080,Indonesia,http.txt
160.25.245.14,8090,Indonesia,http.txt
138.255.14.20,8080,Brazil,http.txt
138.185.205.197,8080,Argentina,http.txt
124.41.196.91,8080,Nepal,http.txt
152.53.242.219,3128,Austria,http.txt
115.247.115.38,8080,India,http.txt
103.199.117.170,3128,Indonesia,http.txt
167.86.93.118,8041,United States,http.txt
49.147.86.100,8082,Philippines,http.txt
54.194.252.228,3128,Ireland,http.txt
41.128.183.10,1976,Egypt,http.txt
103.196.40.151,8080,Indonesia,http.txt
203.95.196.15,8080,Cambodia,http.txt
91.238.104.172,2024,Ukraine,http.txt
94.74.100.2,13080,Hong Kong,http.txt
178.214.194.202,14783,Ukraine,http.txt
193.111.62.156,3888,The Netherlands,http.txt
167.86.93.118,8009,United States,http.txt
91.238.104.171,2023,Ukraine,http.txt
212.1.84.53,19876,Ukraine,http.txt
185.233.37.178,1210,Ukraine,http.txt
195.64.137.241,745,Ukraine,http.txt
91.238.105.64,2024,Ukraine,http.txt
77.52.22.240,980,Ukraine,http.txt
91.238.105.43,2023,Ukraine,http.txt
31.131.20.156,3888,The Netherlands,http.txt
213.160.144.10,14783,Ukraine,http.txt
103.231.236.222,8182,Indonesia,http.txt
103.165.155.238,2016,Indonesia,http.txt
103.189.197.155,3030,Indonesia,http.txt
103.231.236.236,8182,Indonesia,http.txt
103.131.19.160,8083,Indonesia,http.txt
103.231.236.238,8182,Indonesia,http.txt
103.231.236.227,8182,Indonesia,http.txt
116.99.46.27,4001,Vietnam,http.txt
103.166.159.249,7777,Indonesia,http.txt
116.99.44.247,4001,Vietnam,http.txt
103.46.10.76,7777,Indonesia,http.txt
103.171.241.50,3131,Indonesia,http.txt
103.171.233.72,8080,Bangladesh,http.txt
103.203.234.22,1212,Indonesia,http.txt
103.76.109.201,8080,Indonesia,http.txt
42.118.173.144,16000,Vietnam,http.txt
116.106.176.172,12030,Vietnam,http.txt
27.79.175.179,16000,Vietnam,http.txt
1.52.196.154,16000,Vietnam,http.txt
27.79.239.240,16000,Vietnam,http.txt
116.111.112.65,16000,Vietnam,http.txt
149.86.144.101,8080,T�rkiye,http.txt
171.228.178.135,10089,Vietnam,http.txt
124.83.101.145,8082,Philippines,http.txt
103.97.141.31,8085,Indonesia,http.txt
102.66.161.144,9999,South Africa,http.txt
13.229.47.37,3128,Singapore,http.txt
103.76.109.37,8181,Indonesia,http.txt
1.64.227.165,80,Hong Kong,http.txt
5.161.104.22,8888,United States,https.txt
134.209.108.22,8888,Singapore,https.txt
134.209.108.84,8888,Singapore,https.txt
134.209.108.165,8888,Singapore,https.txt
134.209.108.167,8888,Singapore,https.txt
84.17.47.150,9002,The Netherlands,https.txt
84.17.47.149,9002,The Netherlands,https.txt
84.17.47.148,9002,The Netherlands,https.txt
84.17.47.147,9002,The Netherlands,https.txt
84.17.47.146,9002,The Netherlands,https.txt
84.17.47.126,9002,The Netherlands,https.txt
84.17.47.125,9002,The Netherlands,https.txt
84.17.47.124,9002,The Netherlands,https.txt
178.128.221.182,8888,Singapore,https.txt
134.209.99.88,8888,Singapore,https.txt
192.248.152.39,8888,United Kingdom,https.txt
155.138.144.61,8888,Canada,https.txt
192.248.155.67,8888,United Kingdom,https.txt
155.138.149.154,8888,Canada,https.txt
155.138.151.230,8888,Canada,https.txt
155.138.130.128,8888,Canada,https.txt
45.63.97.57,8888,United Kingdom,https.txt
155.138.159.63,8888,Canada,https.txt
141.147.9.254,443,Germany,https.txt
193.176.84.16,9002,Romania,https.txt
193.176.84.19,9002,Romania,https.txt
193.176.84.20,9002,Romania,https.txt
193.176.84.21,9002,Romania,https.txt
193.176.84.22,9002,Romania,https.txt
193.176.84.23,9002,Romania,https.txt
45.77.187.120,8888,United States,https.txt
65.108.150.56,8443,Finland,https.txt
68.183.143.134,443,United States,https.txt
102.223.20.217,443,Ghana,https.txt
194.67.91.153,443,Russia,https.txt
143.110.232.177,443,United States,https.txt
129.151.160.199,443,South Africa,https.txt
197.243.20.178,443,Rwanda,https.txt
202.61.204.51,443,Germany,https.txt
74.103.66.15,443,United States,https.txt
91.121.88.53,443,France,https.txt
31.28.4.192,443,Russia,https.txt
167.99.124.118,443,United States,https.txt
4.188.236.47,443,India,https.txt
78.28.152.111,443,Bosnia and Herzegovina,https.txt
95.179.197.240,8888,United Kingdom,https.txt
196.223.129.21,443,South Africa,https.txt
34.122.187.196,443,United States,https.txt
103.37.111.253,10086,Japan,https.txt
78.28.152.113,443,Bosnia and Herzegovina,https.txt
206.81.26.113,443,Germany,https.txt
23.88.59.163,443,Germany,https.txt
95.179.232.127,8888,United Kingdom,https.txt
51.38.191.151,443,France,https.txt
147.182.180.242,443,United States,https.txt
154.65.39.7,443,Senegal,https.txt
46.101.115.59,443,Germany,https.txt
204.48.31.203,443,United States,https.txt
154.65.39.8,443,Senegal,https.txt
103.37.111.253,10089,Japan,https.txt
207.178.166.187,443,United States,https.txt
103.179.190.121,443,Vietnam,https.txt
116.203.117.22,443,Germany,https.txt
65.108.104.111,443,Finland,https.txt
167.172.78.155,8888,Singapore,https.txt
78.141.244.9,8888,United Kingdom,https.txt
78.141.193.27,8888,United Kingdom,https.txt
184.168.123.21,443,Singapore,https.txt
128.199.207.200,443,Singapore,https.txt
144.91.90.109,443,Germany,https.txt
34.68.168.129,443,United States,https.txt
195.114.209.50,443,Spain,https.txt
138.199.35.215,9002,United States,https.txt
138.199.35.214,9002,United States,https.txt
138.199.35.213,9002,United States,https.txt
138.199.35.212,9002,United States,https.txt
138.199.35.208,9002,United States,https.txt
138.199.35.205,9002,United States,https.txt
138.199.35.204,9002,United States,https.txt
138.199.35.203,9002,United States,https.txt
138.199.35.201,9002,United States,https.txt
138.199.35.200,9002,United States,https.txt
138.199.35.198,9002,United States,https.txt
138.199.35.197,9002,United States,https.txt
138.199.35.196,9002,United States,https.txt
138.199.35.195,9002,United States,https.txt
143.198.206.72,8888,Singapore,https.txt
192.53.114.26,443,Singapore,https.txt
45.92.108.112,443,Switzerland,https.txt
193.176.84.24,9002,Romania,https.txt
193.176.84.32,9002,Romania,https.txt
193.176.84.34,9002,Romania,https.txt
193.176.84.35,9002,Romania,https.txt
193.176.84.37,9002,Romania,https.txt
193.176.84.39,9002,Romania,https.txt
193.176.84.40,9002,Romania,https.txt
89.117.55.119,443,Germany,https.txt
193.176.84.9,9002,Romania,https.txt
193.176.84.10,9002,Romania,https.txt
193.176.84.11,9002,Romania,https.txt
193.176.84.12,9002,Romania,https.txt
138.199.35.199,9002,United States,https.txt
138.199.35.217,9002,United States,https.txt
167.71.166.28,8443,United States,https.txt
57.129.1.214,443,Germany,https.txt
205.178.137.169,8443,United States,https.txt
156.146.59.28,9002,United States,https.txt
156.146.59.29,9002,United States,https.txt
156.146.59.50,9002,United States,https.txt
217.69.241.186,443,Germany,https.txt
162.243.95.8,443,United States,https.txt
188.165.213.106,443,France,https.txt
116.203.49.36,443,Germany,https.txt
80.151.202.204,443,Germany,https.txt
84.239.49.164,9002,Romania,https.txt
87.249.132.143,9002,Germany,https.txt
87.249.132.150,9002,Germany,https.txt
87.249.132.136,9002,Germany,https.txt
156.146.59.8,9002,United States,https.txt
156.146.59.13,9002,United States,https.txt
87.249.132.135,9002,Germany,https.txt
156.146.59.2,9002,United States,https.txt
156.146.59.3,9002,United States,https.txt
156.146.59.4,9002,United States,https.txt
156.146.59.5,9002,United States,https.txt
156.146.59.6,9002,United States,https.txt
156.146.59.7,9002,United States,https.txt
156.146.59.9,9002,United States,https.txt
156.146.59.10,9002,United States,https.txt
84.239.49.37,9002,Romania,https.txt
84.239.49.38,9002,Romania,https.txt
84.239.49.39,9002,Romania,https.txt
156.146.59.11,9002,United States,https.txt
84.239.49.40,9002,Romania,https.txt
84.239.49.41,9002,Romania,https.txt
84.239.49.43,9002,Romania,https.txt
84.239.49.44,9002,Romania,https.txt
84.239.49.45,9002,Romania,https.txt
84.239.49.46,9002,Romania,https.txt
84.239.49.47,9002,Romania,https.txt
84.239.49.48,9002,Romania,https.txt
84.239.49.49,9002,Romania,https.txt
84.239.49.50,9002,Romania,https.txt
156.146.59.12,9002,United States,https.txt
84.239.49.51,9002,Romania,https.txt
156.146.59.14,9002,United States,https.txt
156.146.59.15,9002,United States,https.txt
156.146.59.16,9002,United States,https.txt
156.146.59.17,9002,United States,https.txt
156.146.59.18,9002,United States,https.txt
156.146.59.19,9002,United States,https.txt
156.146.59.20,9002,United States,https.txt
84.239.49.157,9002,Romania,https.txt
84.239.49.161,9002,Romania,https.txt
84.239.49.169,9002,Romania,https.txt
84.239.49.200,9002,Romania,https.txt
84.239.49.204,9002,Romania,https.txt
84.239.49.209,9002,Romania,https.txt
84.239.49.218,9002,Romania,https.txt
84.239.49.220,9002,Romania,https.txt
84.239.49.229,9002,Romania,https.txt
84.239.49.231,9002,Romania,https.txt
84.239.49.244,9002,Romania,https.txt
84.239.49.246,9002,Romania,https.txt
84.239.49.247,9002,Romania,https.txt
84.239.49.248,9002,Romania,https.txt
84.239.49.249,9002,Romania,https.txt
84.239.49.250,9002,Romania,https.txt
84.239.49.251,9002,Romania,https.txt
84.239.49.253,9002,Romania,https.txt
84.239.49.254,9002,Romania,https.txt
87.249.132.130,9002,Germany,https.txt
87.249.132.131,9002,Germany,https.txt
87.249.132.132,9002,Germany,https.txt
87.249.132.133,9002,Germany,https.txt
87.249.132.134,9002,Germany,https.txt
87.249.132.137,9002,Germany,https.txt
87.249.132.138,9002,Germany,https.txt
87.249.132.139,9002,Germany,https.txt
87.249.132.140,9002,Germany,https.txt
87.249.132.141,9002,Germany,https.txt
87.249.132.142,9002,Germany,https.txt
87.249.132.144,9002,Germany,https.txt
87.249.132.145,9002,Germany,https.txt
87.249.132.146,9002,Germany,https.txt
87.249.132.147,9002,Germany,https.txt
87.249.132.148,9002,Germany,https.txt
87.249.132.149,9002,Germany,https.txt
87.249.132.151,9002,Germany,https.txt
87.249.132.152,9002,Germany,https.txt
87.249.132.153,9002,Germany,https.txt
87.249.132.154,9002,Germany,https.txt
87.249.132.155,9002,Germany,https.txt
87.249.132.156,9002,Germany,https.txt
87.249.132.157,9002,Germany,https.txt
84.239.14.176,9002,Romania,https.txt
84.239.14.160,9002,Romania,https.txt
67.21.32.144,9443,United States,https.txt
84.239.14.146,9002,Romania,https.txt
84.239.14.147,9002,Romania,https.txt
84.239.14.148,9002,Romania,https.txt
84.239.14.149,9002,Romania,https.txt
84.239.14.150,9002,Romania,https.txt
84.239.14.151,9002,Romania,https.txt
84.239.14.152,9002,Romania,https.txt
84.239.14.153,9002,Romania,https.txt
84.239.14.154,9002,Romania,https.txt
84.239.14.155,9002,Romania,https.txt
84.239.14.156,9002,Romania,https.txt
84.239.14.157,9002,Romania,https.txt
84.239.14.158,9002,Romania,https.txt
84.239.14.159,9002,Romania,https.txt
84.239.14.162,9002,Romania,https.txt
84.239.14.163,9002,Romania,https.txt
84.239.14.164,9002,Romania,https.txt
84.239.14.165,9002,Romania,https.txt
84.239.14.166,9002,Romania,https.txt
84.239.14.167,9002,Romania,https.txt
84.239.14.168,9002,Romania,https.txt
84.239.14.169,9002,Romania,https.txt
84.239.14.170,9002,Romania,https.txt
84.239.14.171,9002,Romania,https.txt
84.239.14.172,9002,Romania,https.txt
84.239.14.173,9002,Romania,https.txt
84.239.14.174,9002,Romania,https.txt
84.239.14.175,9002,Romania,https.txt
202.51.68.205,443,Nepal,https.txt
51.254.213.34,443,France,https.txt
51.195.137.60,443,United Kingdom,https.txt
156.232.10.14,3128,United States,https.txt
133.242.203.223,443,Japan,https.txt
62.138.18.91,443,France,https.txt
149.202.91.219,443,France,https.txt
102.130.125.86,443,South Africa,https.txt
130.180.208.145,443,France,https.txt
79.174.12.190,443,Russia,https.txt
203.189.96.232,443,Japan,https.txt
159.65.244.233,443,United States,https.txt
20.205.138.223,443,Hong Kong,https.txt
156.146.59.49,9002,United States,https.txt
84.239.49.154,9002,Romania,https.txt
84.239.49.191,9002,Romania,https.txt
84.239.49.238,9002,Romania,https.txt
193.176.84.7,9002,Romania,https.txt
156.146.59.41,9002,United States,https.txt
84.239.49.180,9002,Romania,https.txt
84.239.49.245,9002,Romania,https.txt
84.239.49.55,9002,Romania,https.txt
84.239.49.199,9002,Romania,https.txt
138.199.35.207,9002,United States,https.txt
84.239.49.242,9002,Romania,https.txt
84.239.49.178,9002,Romania,https.txt
193.176.84.36,9002,Romania,https.txt
84.239.49.166,9002,Romania,https.txt
138.199.35.220,9002,United States,https.txt
84.239.49.243,9002,Romania,https.txt
84.239.49.211,9002,Romania,https.txt
84.239.49.170,9002,Romania,https.txt
84.239.49.62,9002,Romania,https.txt
193.176.84.3,9002,Romania,https.txt
84.239.49.60,9002,Romania,https.txt
151.115.78.51,443,Poland,https.txt
84.239.49.219,9002,Romania,https.txt
138.199.35.216,9002,United States,https.txt
193.176.84.29,9002,Romania,https.txt
193.176.84.8,9002,Romania,https.txt
84.239.49.165,9002,Romania,https.txt
84.239.49.230,9002,Romania,https.txt
138.199.35.218,9002,United States,https.txt
193.176.84.33,9002,Romania,https.txt
138.199.35.202,9002,United States,https.txt
84.239.49.162,9002,Romania,https.txt
84.239.49.167,9002,Romania,https.txt
84.239.49.163,9002,Romania,https.txt
193.176.84.14,9002,Romania,https.txt
84.239.49.224,9002,Romania,https.txt
84.17.47.123,9002,The Netherlands,https.txt
84.239.49.188,9002,Romania,https.txt
156.146.59.34,9002,United States,https.txt
84.239.49.160,9002,Romania,https.txt
156.146.59.22,9002,United States,https.txt
156.146.59.27,9002,United States,https.txt
84.239.49.214,9002,Romania,https.txt
37.9.171.157,443,Slovakia,https.txt
138.199.36.163,9002,Germany,https.txt
84.239.49.232,9002,Romania,https.txt
84.239.49.233,9002,Romania,https.txt
156.146.59.23,9002,United States,https.txt
193.176.84.30,9002,Romania,https.txt
84.239.49.175,9002,Romania,https.txt
84.239.49.186,9002,Romania,https.txt
156.146.59.39,9002,United States,https.txt
84.239.49.172,9002,Romania,https.txt
84.239.49.177,9002,Romania,https.txt
138.199.36.159,9002,Germany,https.txt
84.239.49.173,9002,Romania,https.txt
84.239.49.201,9002,Romania,https.txt
156.146.59.25,9002,United States,https.txt
156.146.59.31,9002,United States,https.txt
84.239.49.61,9002,Romania,https.txt
84.239.49.221,9002,Romania,https.txt
84.239.49.235,9002,Romania,https.txt
84.239.49.240,9002,Romania,https.txt
84.239.49.194,9002,Romania,https.txt
84.239.49.185,9002,Romania,https.txt
69.160.109.210,4444,Jamaica,https.txt
193.176.84.6,9002,Romania,https.txt
84.239.49.159,9002,Romania,https.txt
84.239.49.59,9002,Romania,https.txt
84.239.49.236,9002,Romania,https.txt
156.146.59.44,9002,United States,https.txt
193.176.84.4,9002,Romania,https.txt
84.239.49.183,9002,Romania,https.txt
84.239.49.168,9002,Romania,https.txt
84.239.49.176,9002,Romania,https.txt
193.176.84.38,9002,Romania,https.txt
84.239.49.182,9002,Romania,https.txt
138.199.35.219,9002,United States,https.txt
84.239.49.187,9002,Romania,https.txt
84.239.49.56,9002,Romania,https.txt
84.239.49.202,9002,Romania,https.txt
156.146.59.32,9002,United States,https.txt
156.146.59.37,9002,United States,https.txt
84.239.49.207,9002,Romania,https.txt
84.239.49.227,9002,Romania,https.txt
84.239.49.179,9002,Romania,https.txt
84.239.49.222,9002,Romania,https.txt
138.199.35.206,9002,United States,https.txt
193.176.84.17,9002,Romania,https.txt
193.176.84.13,9002,Romania,https.txt
138.199.36.162,9002,Germany,https.txt
84.239.49.223,9002,Romania,https.txt
84.239.49.210,9002,Romania,https.txt
84.239.49.171,9002,Romania,https.txt
156.146.59.33,9002,United States,https.txt
138.199.35.211,9002,United States,https.txt
84.239.49.203,9002,Romania,https.txt
84.239.49.252,9002,Romania,https.txt
156.146.59.48,9002,United States,https.txt
84.239.49.239,9002,Romania,https.txt
84.239.49.54,9002,Romania,https.txt
84.239.49.156,9002,Romania,https.txt
84.239.49.205,9002,Romania,https.txt
156.146.59.21,9002,United States,https.txt
156.146.59.35,9002,United States,https.txt
84.239.49.198,9002,Romania,https.txt
84.239.49.225,9002,Romania,https.txt
138.199.36.161,9002,Germany,https.txt
84.239.49.155,9002,Romania,https.txt
156.146.59.40,9002,United States,https.txt
84.239.49.181,9002,Romania,https.txt
84.239.49.226,9002,Romania,https.txt
84.239.49.190,9002,Romania,https.txt
156.146.59.36,9002,United States,https.txt
84.239.49.206,9002,Romania,https.txt
84.239.49.189,9002,Romania,https.txt
84.239.49.53,9002,Romania,https.txt
84.239.49.228,9002,Romania,https.txt
138.199.35.209,9002,United States,https.txt
193.176.84.26,9002,Romania,https.txt
185.141.63.101,443,Cyprus,https.txt
84.239.49.213,9002,Romania,https.txt
84.239.49.234,9002,Romania,https.txt
84.239.49.217,9002,Romania,https.txt
47.88.35.91,3128,United States,https.txt
147.45.104.252,443,Russia,https.txt
13.80.134.180,443,The Netherlands,https.txt
51.83.190.248,443,Poland,https.txt
212.118.37.238,443,The Netherlands,https.txt
79.139.61.227,443,Hungary,https.txt
149.126.16.38,443,Russia,https.txt
159.65.189.245,8888,United States,https.txt
68.183.62.98,8888,United States,https.txt
91.222.238.112,443,Russia,https.txt
143.198.22.162,8888,United States,https.txt
143.198.22.113,8888,United States,https.txt
13.66.206.110,443,United States,https.txt
40.113.199.101,443,United States,https.txt
52.184.228.103,443,United States,https.txt
40.122.106.245,443,United States,https.txt
13.77.70.244,443,United States,https.txt
193.243.147.94,443,France,https.txt
5.189.184.6,443,Germany,https.txt
188.166.90.39,8888,The Netherlands,https.txt
188.166.87.45,8888,The Netherlands,https.txt
188.166.82.32,8888,The Netherlands,https.txt
91.107.230.61,8888,Germany,https.txt
159.65.245.255,443,United States,https.txt
154.26.139.232,443,Singapore,https.txt
154.90.48.76,443,Indonesia,https.txt
72.167.140.229,443,United States,https.txt
45.32.144.46,8888,France,https.txt
51.158.253.115,443,France,https.txt
51.158.253.130,443,France,https.txt
51.158.253.120,443,France,https.txt
51.158.253.113,443,France,https.txt
216.128.177.20,8888,Canada,https.txt
146.190.178.108,443,Germany,https.txt
45.32.145.238,8888,France,https.txt
209.97.153.210,8888,United States,https.txt
209.97.153.149,8888,United States,https.txt
209.97.153.60,8888,United States,https.txt
216.128.177.59,8888,Canada,https.txt
51.158.253.153,443,France,https.txt
51.158.253.152,443,France,https.txt
156.146.59.46,9002,United States,https.txt
84.239.49.42,9002,Romania,https.txt
156.146.59.42,9002,United States,https.txt
84.239.49.57,9002,Romania,https.txt
84.239.49.58,9002,Romania,https.txt
84.239.49.158,9002,Romania,https.txt
84.239.49.184,9002,Romania,https.txt
84.239.49.192,9002,Romania,https.txt
84.239.49.193,9002,Romania,https.txt
84.239.49.196,9002,Romania,https.txt
84.239.49.197,9002,Romania,https.txt
84.239.49.208,9002,Romania,https.txt
84.239.49.212,9002,Romania,https.txt
84.239.49.215,9002,Romania,https.txt
84.239.49.241,9002,Romania,https.txt
156.146.59.24,9002,United States,https.txt
156.146.59.30,9002,United States,https.txt
156.146.59.38,9002,United States,https.txt
156.146.59.43,9002,United States,https.txt
156.146.59.45,9002,United States,https.txt
156.146.59.47,9002,United States,https.txt
51.158.252.252,443,France,https.txt
134.209.89.168,8888,The Netherlands,https.txt
51.158.253.114,443,France,https.txt
188.166.89.178,8888,The Netherlands,https.txt
188.166.89.62,8888,The Netherlands,https.txt
51.158.252.160,443,France,https.txt
51.158.253.128,443,France,https.txt
212.118.37.238,143,The Netherlands,https.txt
51.158.253.154,443,France,https.txt
75.132.249.74,443,United States,https.txt
207.148.20.225,8888,United States,https.txt
45.76.3.118,8888,United States,https.txt
45.76.3.45,8888,United States,https.txt
167.99.236.14,443,United States,https.txt
51.158.253.45,443,France,https.txt
51.158.253.77,443,France,https.txt
51.158.253.78,443,France,https.txt
141.94.246.168,443,France,https.txt
147.182.242.114,8888,United States,https.txt
147.182.252.115,8888,United States,https.txt
49.12.189.119,8443,Germany,https.txt
65.49.68.84,10001,United States,https.txt
138.199.35.210,9002,United States,https.txt
138.199.36.160,9002,Germany,https.txt
128.199.195.19,8888,Singapore,https.txt
201.238.248.135,443,Chile,https.txt
62.84.245.79,443,The Netherlands,https.txt
87.249.132.158,9002,Germany,https.txt
148.233.136.213,443,Mexico,https.txt
54.37.72.89,443,Germany,https.txt
64.62.219.84,16466,United States,https.txt
47.243.181.85,8084,United States,https.txt
64.62.219.84,25705,United States,https.txt
47.243.181.85,8081,Taiwan,https.txt
65.49.68.84,53398,United States,https.txt
65.49.2.84,22243,United States,https.txt
68.183.7.255,3128,The Netherlands,https.txt
65.49.14.154,47454,United States,https.txt
193.243.147.94,143,France,https.txt
64.62.219.84,25989,United States,https.txt
62.210.15.199,443,France,https.txt
65.49.68.84,48183,United States,https.txt
65.49.14.154,63555,United States,https.txt
152.230.215.123,443,Chile,https.txt
65.49.14.154,32610,United States,https.txt
64.62.219.84,43980,United States,https.txt
65.49.68.84,54206,United States,https.txt
65.49.68.84,14864,United States,https.txt
64.62.219.84,45590,United States,https.txt
65.49.68.84,60351,United States,https.txt
143.110.229.181,8888,United States,https.txt
64.62.219.84,15208,United States,https.txt
65.49.68.84,42548,United States,https.txt
65.49.68.84,46567,United States,https.txt
80.149.142.142,443,Germany,https.txt
65.49.68.84,19016,United States,https.txt
65.49.2.84,23189,United States,https.txt
65.49.2.84,60885,United States,https.txt
65.49.68.84,24094,United States,https.txt
64.62.219.84,45268,United States,https.txt
64.62.219.84,47027,United States,https.txt
65.49.2.84,46593,United States,https.txt
65.49.14.154,29624,United States,https.txt
103.241.129.5,8443,Japan,https.txt
103.241.129.8,8443,Japan,https.txt
103.241.129.9,8443,Japan,https.txt
103.241.129.13,8443,Japan,https.txt
103.241.129.14,8443,Japan,https.txt
103.241.129.20,8443,Japan,https.txt
103.241.129.24,8443,Japan,https.txt
103.241.129.25,8443,Japan,https.txt
103.241.129.27,8443,Japan,https.txt
103.241.129.28,8443,Japan,https.txt
103.241.129.181,8443,Japan,https.txt
103.241.129.183,8443,Japan,https.txt
103.241.129.184,8443,Japan,https.txt
103.241.129.187,8443,Japan,https.txt
103.241.129.196,8443,Japan,https.txt
103.241.129.234,8443,Japan,https.txt
103.241.129.237,8443,Japan,https.txt
103.241.129.245,8443,Japan,https.txt
103.241.129.246,8443,Japan,https.txt
103.241.129.249,8443,Japan,https.txt
103.241.129.252,8443,Japan,https.txt
103.241.129.253,8443,Japan,https.txt
103.241.130.0,8443,Japan,https.txt
103.241.130.1,8443,Japan,https.txt
103.241.130.2,8443,Japan,https.txt
103.241.130.3,8443,Japan,https.txt
103.241.130.4,8443,Japan,https.txt
65.49.68.84,20139,United States,https.txt
65.49.2.84,19625,United States,https.txt
103.241.129.11,8443,Japan,https.txt
103.241.129.29,8443,Japan,https.txt
103.241.129.180,8443,Japan,https.txt
103.241.129.194,8443,Japan,https.txt
103.241.129.203,8443,Japan,https.txt
103.241.129.206,8443,Japan,https.txt
103.241.129.215,8443,Japan,https.txt
103.241.129.219,8443,Japan,https.txt
103.241.129.223,8443,Japan,https.txt
103.241.129.235,8443,Japan,https.txt
103.241.129.242,8443,Japan,https.txt
103.241.129.248,8443,Japan,https.txt
103.241.129.250,8443,Japan,https.txt
64.62.219.84,28617,United States,https.txt
103.241.129.31,8443,Japan,https.txt
103.241.129.216,8443,Japan,https.txt
143.107.205.72,443,Brazil,https.txt
51.210.148.119,443,France,https.txt
209.38.148.139,8888,United States,https.txt
137.184.224.125,8888,United States,https.txt
64.62.219.84,48931,United States,https.txt
65.49.2.84,60685,United States,https.txt
103.37.111.253,10087,Japan,https.txt
64.62.219.84,39261,United States,https.txt
123.31.29.158,443,Vietnam,https.txt
65.49.2.84,36093,United States,https.txt
64.62.219.84,36285,United States,https.txt
14.29.168.215,10443,China,https.txt
104.129.194.45,11733,United States,https.txt
65.49.2.84,40331,United States,https.txt
65.49.68.84,32671,United States,https.txt
212.58.135.9,8443,United States,https.txt
212.58.135.10,8443,United States,https.txt
212.58.132.189,8443,United States,https.txt
212.58.132.188,8443,United States,https.txt
64.62.219.84,54109,United States,https.txt
64.62.219.84,52567,United States,https.txt
64.62.219.84,34845,United States,https.txt
64.62.219.84,23973,United States,https.txt
205.178.136.3,8447,United States,https.txt
65.49.2.84,57661,United States,https.txt
51.254.132.238,443,France,https.txt
205.178.137.27,8447,United States,https.txt
65.49.68.84,59899,United States,https.txt
65.49.68.84,60737,United States,https.txt
65.49.2.84,48077,United States,https.txt
186.124.164.213,443,Argentina,https.txt
34.81.72.31,443,Taiwan,https.txt
85.214.107.177,443,Germany,https.txt
47.238.192.103,8888,Hong Kong,https.txt
145.239.196.123,443,France,https.txt
94.74.96.240,3129,Hong Kong,https.txt
207.180.254.198,443,Germany,https.txt
64.181.235.123,3128,United States,https.txt
65.109.202.138,8443,Finland,https.txt
65.49.2.84,27735,United States,https.txt
65.109.40.163,8443,Finland,https.txt
23.106.56.43,19881,United Kingdom,https.txt
65.49.2.84,52764,United States,https.txt
167.235.198.62,443,Germany,https.txt
65.49.14.154,40197,United States,https.txt
205.178.136.69,8447,United States,https.txt
64.62.219.84,54241,United States,https.txt
65.49.2.84,49523,United States,https.txt
65.49.68.84,48675,United States,https.txt
65.49.2.84,44821,United States,https.txt
64.62.219.84,35621,United States,https.txt
65.49.2.84,48916,United States,https.txt
64.62.219.84,29386,United States,https.txt
205.178.137.6,8447,United States,https.txt
65.49.2.84,35415,United States,https.txt
65.49.2.84,40307,United States,https.txt
65.49.2.84,14312,United States,https.txt
65.49.14.154,21031,United States,https.txt
65.109.202.138,1080,Finland,https.txt
65.49.2.84,60625,United States,https.txt
65.49.68.84,17752,United States,https.txt
65.49.2.84,36165,United States,https.txt
65.49.68.84,31635,United States,https.txt
65.49.68.84,16206,United States,https.txt
65.49.2.84,46686,United States,https.txt
65.49.68.84,36827,United States,https.txt
65.49.14.154,39163,United States,https.txt
64.62.219.84,56677,United States,https.txt
117.252.95.60,443,India,https.txt
65.49.14.154,18976,United States,https.txt
65.49.68.84,29976,United States,https.txt
65.49.14.154,40562,United States,https.txt
65.49.2.84,53398,United States,https.txt
65.49.68.84,50200,United States,https.txt
65.49.2.84,18005,United States,https.txt
65.49.68.84,34714,United States,https.txt
51.161.79.152,8888,Canada,https.txt
64.62.219.84,60924,United States,https.txt
1.234.23.159,443,South Korea,https.txt
205.178.136.159,8447,United States,https.txt
65.49.2.84,10903,United States,https.txt
85.10.199.48,443,Germany,https.txt
196.1.93.16,443,Senegal,https.txt
162.19.49.131,443,France,https.txt
65.49.14.154,32191,United States,https.txt
94.23.9.170,443,France,https.txt
65.109.202.138,1081,Finland,https.txt
205.178.144.84,8447,United States,https.txt
51.159.225.129,8118,France,https.txt
187.217.194.178,443,Mexico,https.txt
65.49.2.84,56841,United States,https.txt
187.217.194.178,86,Mexico,https.txt
64.62.219.84,51799,United States,https.txt
87.255.196.143,443,Kazakhstan,https.txt
64.62.219.84,32401,United States,https.txt
64.23.234.144,8888,United States,https.txt
65.49.14.154,29950,United States,https.txt
205.178.144.208,8447,United States,https.txt
136.226.232.13,10230,India,https.txt
64.62.219.84,25108,United States,https.txt
64.62.219.84,15729,United States,https.txt
36.92.193.189,443,Indonesia,https.txt
212.83.168.126,8081,France,https.txt
51.159.226.157,443,France,https.txt
51.159.226.159,443,France,https.txt
51.159.226.153,443,France,https.txt
51.159.226.154,443,France,https.txt
51.159.226.151,443,France,https.txt
51.159.226.150,443,France,https.txt
51.159.226.155,443,France,https.txt
51.159.226.149,443,France,https.txt
51.159.226.156,443,France,https.txt
51.159.226.162,443,France,https.txt
51.159.226.128,443,France,https.txt
51.159.226.160,443,France,https.txt
51.159.226.158,443,France,https.txt
205.178.186.128,8443,United States,https.txt
51.159.226.161,443,France,https.txt
205.178.136.199,8447,United States,https.txt
51.159.226.152,443,France,https.txt
205.178.137.163,8447,United States,https.txt
65.49.2.84,51073,United States,https.txt
65.49.2.84,55709,United States,https.txt
64.62.219.84,34217,United States,https.txt
65.49.2.84,18944,United States,https.txt
64.62.219.84,19865,United States,https.txt
65.49.68.84,43268,United States,https.txt
65.49.2.84,51681,United States,https.txt
205.178.186.213,8447,United States,https.txt
65.49.14.154,41406,United States,https.txt
205.178.137.234,8443,United States,https.txt
64.62.219.84,23794,United States,https.txt
122.99.125.85,443,India,https.txt
51.158.202.56,443,The Netherlands,https.txt
51.159.226.129,443,France,https.txt
65.49.68.84,13891,United States,https.txt
65.49.2.84,24877,United States,https.txt
51.158.253.130,14991,France,https.txt
8.134.144.10,3129,China,https.txt
51.159.225.194,23767,France,https.txt
205.178.137.205,8447,United States,https.txt
65.49.14.154,38607,United States,https.txt
65.49.68.84,48757,United States,https.txt
205.178.186.3,8443,United States,https.txt
51.158.204.131,23767,France,https.txt
65.49.68.84,52269,United States,https.txt
174.138.54.65,443,United States,https.txt
65.49.2.84,15454,United States,https.txt
65.49.68.84,52531,United States,https.txt
195.231.69.203,443,Italy,https.txt
65.49.14.154,35112,United States,https.txt
65.49.14.154,60978,United States,https.txt
51.158.253.45,7901,France,https.txt
65.49.68.84,18359,United States,https.txt
47.242.121.18,8443,Hong Kong,https.txt
51.158.253.115,17401,France,https.txt
206.188.212.220,8443,United States,https.txt
47.243.181.85,41689,Canada,https.txt
64.62.219.84,13475,United States,https.txt
43.135.36.240,443,Hong Kong,https.txt
23.94.251.185,3128,United States,https.txt
47.240.86.21,3128,Hong Kong,https.txt
51.159.226.154,17401,France,https.txt
65.49.68.84,38347,United States,https.txt
64.62.219.84,57978,United States,https.txt
65.49.14.154,42986,United States,https.txt
205.178.137.234,8447,United States,https.txt
65.49.2.84,11136,United States,https.txt
47.241.70.64,8888,Singapore,https.txt
185.53.129.141,9090,The Netherlands,https.txt
51.158.202.102,8118,France,https.txt
51.159.225.202,8118,France,https.txt
64.62.219.84,59223,United States,https.txt
205.178.144.251,8447,United States,https.txt
205.178.186.111,8447,United States,https.txt
87.95.143.37,443,Finland,https.txt
51.159.226.149,7081,France,https.txt
47.243.181.85,41400,Japan,https.txt
51.158.252.3,443,France,https.txt
51.159.226.159,10243,France,https.txt
64.62.219.84,31283,United States,https.txt
47.243.181.85,41305,Taiwan,https.txt
23.106.249.34,21125,Singapore,https.txt
51.158.252.160,10074,France,https.txt
64.62.219.84,34779,United States,https.txt
51.158.253.152,10243,France,https.txt
51.159.226.151,10074,France,https.txt
23.106.56.19,7579,United Kingdom,https.txt
51.159.226.159,5094,France,https.txt
51.159.226.128,15846,France,https.txt
51.158.252.50,15846,France,https.txt
65.49.14.154,20667,United States,https.txt
206.188.205.157,8447,United States,https.txt
51.159.225.199,10499,France,https.txt
23.224.189.161,3129,United States,https.txt
23.106.56.11,7714,United Kingdom,https.txt
47.243.181.85,8085,Hong Kong,https.txt
154.26.182.140,3128,United States,https.txt
23.106.56.35,16927,United Kingdom,https.txt
66.70.191.133,8443,Canada,https.txt
91.186.199.54,8443,Russia,https.txt
188.226.195.20,8881,The Netherlands,https.txt
103.210.22.17,3129,Singapore,https.txt
205.178.136.158,8447,United States,https.txt
206.188.209.84,8447,United States,https.txt
205.178.136.191,8443,United States,https.txt
206.188.212.240,8447,United States,https.txt
62.84.120.61,443,Russia,https.txt
89.140.72.126,443,Spain,https.txt
202.94.145.6,443,Japan,https.txt
51.159.28.39,443,France,https.txt
78.141.247.13,8888,United Kingdom,https.txt
51.158.202.217,8023,France,https.txt
51.159.225.126,8023,France,https.txt
51.158.194.11,8023,France,https.txt
51.159.225.192,8023,France,https.txt
23.106.249.54,6550,Singapore,https.txt
51.159.225.196,23856,France,https.txt
205.178.186.69,8443,United States,https.txt
95.129.101.73,443,Czechia,https.txt
51.158.194.101,8023,France,https.txt
94.46.172.104,443,Portugal,https.txt
107.152.33.202,8888,United States,https.txt
51.158.200.102,14626,France,https.txt
212.32.235.131,443,The Netherlands,https.txt
71.121.234.208,443,United States,https.txt
23.106.56.52,15767,United Kingdom,https.txt
51.159.225.197,19362,France,https.txt
216.128.183.100,8888,Canada,https.txt
47.243.181.85,41690,United States,https.txt
65.49.68.84,53611,United States,https.txt
103.37.111.253,10088,Japan,https.txt
51.158.200.127,16819,France,https.txt
43.156.37.171,2000,Singapore,https.txt
116.203.107.220,443,Germany,https.txt
37.187.74.125,443,France,https.txt
164.92.88.79,8888,United States,https.txt
35.238.65.242,443,United States,https.txt
159.69.177.167,8888,Germany,https.txt
